screen,file,line,source_context,normal_action,invalid_or_locked,repeat_click,resource_shortage,permission_and_coop,close_reopen,evidence
BuilderConfirmScreen,src/main/java/com/hearthstead/client/builder/BuilderConfirmScreen.java,53,"addRenderableWidget(Ui2Frame.closeKey(frame, this::back)); // Standard footer on the page: text actions left, the burgundy primary right. BannerSheetLayout.Rect f = frame.footer(); int by = f.y(); addRenderableWidget(Ui2Button.secondary(f.x(), by, 80, 20, Component.translatable(""hearthstead.builder.ui.back""),",NOT VERIFIED,NOT VERIFIED,NOT VERIFIED,NOT VERIFIED,NOT VERIFIED,NOT VERIFIED,
BuilderConfirmScreen,src/main/java/com/hearthstead/client/builder/BuilderConfirmScreen.java,57,"addRenderableWidget(Ui2Button.secondary(f.x(), by, 80, 20, Component.translatable(""hearthstead.builder.ui.back""), this::back)); if (v.ok()) { addRenderableWidget(Ui2Button.banner(f.right() - 100, by, 100, 20, Component.translatable(""hearthstead.builder.ui.confirm_build""), this::confirm));",NOT VERIFIED,NOT VERIFIED,NOT VERIFIED,NOT VERIFIED,NOT VERIFIED,NOT VERIFIED,
BuilderConfirmScreen,src/main/java/com/hearthstead/client/builder/BuilderConfirmScreen.java,60,"addRenderableWidget(Ui2Button.banner(f.right() - 100, by, 100, 20, Component.translatable(""hearthstead.builder.ui.confirm_build""), this::confirm)); if (v.playerBlockCount() > 0) { addRenderableWidget(Ui2Button.secondary(f.x() + 84, by, f.width() - 84 - 100 - 8, 20, Component.translatable(allowOverwrite ? ""hearthstead.builder.ui.overwrite_on""",NOT VERIFIED,NOT VERIFIED,NOT VERIFIED,NOT VERIFIED,NOT VERIFIED,NOT VERIFIED,
BuilderConfirmScreen,src/main/java/com/hearthstead/client/builder/BuilderConfirmScreen.java,63,"addRenderableWidget(Ui2Button.secondary(f.x() + 84, by, f.width() - 84 - 100 - 8, 20, Component.translatable(allowOverwrite ? ""hearthstead.builder.ui.overwrite_on"" : ""hearthstead.builder.ui.overwrite_off""), () -> { allowOverwrite = !allowOverwrite; rebuildWidgets();",NOT VERIFIED,NOT VERIFIED,NOT VERIFIED,NOT VERIFIED,NOT VERIFIED,NOT VERIFIED,
BuilderPlanScreen,src/main/java/com/hearthstead/client/builder/BuilderPlanScreen.java,104,"addRenderableWidget(Ui2Frame.closeKey(frame, this::onClose)); seenCatalog = BuilderClientState.catalogVersion(); seenSites = BuildSitesClient.version(); int ny = cy; Page[] pages = Page.values();",NOT VERIFIED,NOT VERIFIED,NOT VERIFIED,NOT VERIFIED,NOT VERIFIED,NOT VERIFIED,
BuilderPlanScreen,src/main/java/com/hearthstead/client/builder/BuilderPlanScreen.java,113,"addRenderableWidget(new Ui2NavButton(frame.header().x(), ny + i * 26, cx - 6 - frame.header().x(), 24, Component.translatable(""hearthstead.builder.ui.page."" + p.name().toLowerCase(Locale.ROOT)), icons[i], page == p, false, false, i == pages.length - 1, () -> { page = p; lastPage = p;",NOT VERIFIED,NOT VERIFIED,NOT VERIFIED,NOT VERIFIED,NOT VERIFIED,NOT VERIFIED,
BuilderPlanScreen,src/main/java/com/hearthstead/client/builder/BuilderPlanScreen.java,218,"addRenderableWidget(Ui2Button.secondary(cx + 4, cy + ch - 22, 66, 18, Component.translatable(""hearthstead.builder.ui.style"", styleFilter.isEmpty() ? Component.translatable(""hearthstead.builder.ui.style.all"") : Component.literal(styleFilter)), () -> { int i = styles.indexOf(styleFilter);",NOT VERIFIED,NOT VERIFIED,NOT VERIFIED,NOT VERIFIED,NOT VERIFIED,NOT VERIFIED,
BuilderPlanScreen,src/main/java/com/hearthstead/client/builder/BuilderPlanScreen.java,228,"Ui2Button town = Ui2Button.secondary(cx + 72, cy + ch - 22, 64, 18, Component.translatable(BuilderClientState.matchTownStyle() ? ""hearthstead.builder.ui.town_style_on"" : ""hearthstead.builder.ui.town_style_off""), () -> { BuilderClientState.setMatchTownStyle(!BuilderClientState.matchTownStyle()); rebuildWidgets();",NOT VERIFIED,NOT VERIFIED,NOT VERIFIED,NOT VERIFIED,NOT VERIFIED,NOT VERIFIED,
BuilderPlanScreen,src/main/java/com/hearthstead/client/builder/BuilderPlanScreen.java,237,"addRenderableWidget(town); BuilderPayloads.CatalogEntry e = selected(list); int rows = Math.max(1, (ch - 30) / 14); int listW = 132; for (int i = 0; i < rows && i + scroll < groups.size(); i++) {",NOT VERIFIED,NOT VERIFIED,NOT VERIFIED,NOT VERIFIED,NOT VERIFIED,NOT VERIFIED,
BuilderPlanScreen,src/main/java/com/hearthstead/client/builder/BuilderPlanScreen.java,252,"addRenderableWidget(new Ui2RowButton(cx + 4, cy + 4 + i * 14, listW, 13, label, sel, () -> { selectedBlueprint = head.id(); rebuildWidgets(); })); }",NOT VERIFIED,NOT VERIFIED,NOT VERIFIED,NOT VERIFIED,NOT VERIFIED,NOT VERIFIED,
BuilderPlanScreen,src/main/java/com/hearthstead/client/builder/BuilderPlanScreen.java,268,"? Ui2Button.banner(chipX, cy + 34, chipW, 14, chip, () -> { }) : Ui2Button.secondary(chipX, cy + 34, chipW, 14, chip, () -> { selectedBlueprint = preset.id(); rebuildWidgets(); });",NOT VERIFIED,NOT VERIFIED,NOT VERIFIED,NOT VERIFIED,NOT VERIFIED,NOT VERIFIED,
BuilderPlanScreen,src/main/java/com/hearthstead/client/builder/BuilderPlanScreen.java,269,": Ui2Button.secondary(chipX, cy + 34, chipW, 14, chip, () -> { selectedBlueprint = preset.id(); rebuildWidgets(); }); addRenderableWidget(b);",NOT VERIFIED,NOT VERIFIED,NOT VERIFIED,NOT VERIFIED,NOT VERIFIED,NOT VERIFIED,
BuilderPlanScreen,src/main/java/com/hearthstead/client/builder/BuilderPlanScreen.java,273,"addRenderableWidget(b); chipX += chipW + 3; } } Ui2Button place = Ui2Button.banner(cx + cw - 96, cy + ch - 24, 90, 20,",NOT VERIFIED,NOT VERIFIED,NOT VERIFIED,NOT VERIFIED,NOT VERIFIED,NOT VERIFIED,
BuilderPlanScreen,src/main/java/com/hearthstead/client/builder/BuilderPlanScreen.java,277,"Ui2Button place = Ui2Button.banner(cx + cw - 96, cy + ch - 24, 90, 20, Component.translatable(""hearthstead.builder.ui.place""), () -> { BuilderClientState.requestPreview(e.id()); }); place.active = e.lockKey().isEmpty();",NOT VERIFIED,NOT VERIFIED,NOT VERIFIED,NOT VERIFIED,NOT VERIFIED,NOT VERIFIED,
BuilderPlanScreen,src/main/java/com/hearthstead/client/builder/BuilderPlanScreen.java,285,"addRenderableWidget(place); if (e.id().startsWith(""design_"")) { Ui2Button delete = Ui2Button.danger(cx + cw - 172, cy + ch - 24, 72, 20, Component.translatable(""hearthstead.builder.ui.delete_design""), () -> BuilderClientState.deleteDesign(e.id()));",NOT VERIFIED,NOT VERIFIED,NOT VERIFIED,NOT VERIFIED,NOT VERIFIED,NOT VERIFIED,
BuilderPlanScreen,src/main/java/com/hearthstead/client/builder/BuilderPlanScreen.java,287,"Ui2Button delete = Ui2Button.danger(cx + cw - 172, cy + ch - 24, 72, 20, Component.translatable(""hearthstead.builder.ui.delete_design""), () -> BuilderClientState.deleteDesign(e.id())); addRenderableWidget(delete); }",NOT VERIFIED,NOT VERIFIED,NOT VERIFIED,NOT VERIFIED,NOT VERIFIED,NOT VERIFIED,
BuilderPlanScreen,src/main/java/com/hearthstead/client/builder/BuilderPlanScreen.java,290,addRenderableWidget(delete); } } } ,NOT VERIFIED,NOT VERIFIED,NOT VERIFIED,NOT VERIFIED,NOT VERIFIED,NOT VERIFIED,
BuilderPlanScreen,src/main/java/com/hearthstead/client/builder/BuilderPlanScreen.java,389,"Ui2Button draw = Ui2Button.banner(cx + cw - 96, cy + 10 + i * 46, 88, 20, Component.translatable(""hearthstead.builder.ui.draw""), () -> { BuilderPlacement.startLine(kind, gateInLine && !""barricade"".equals(kind)); }); draw.active = unlocked[i];",NOT VERIFIED,NOT VERIFIED,NOT VERIFIED,NOT VERIFIED,NOT VERIFIED,NOT VERIFIED,
BuilderPlanScreen,src/main/java/com/hearthstead/client/builder/BuilderPlanScreen.java,397,"addRenderableWidget(draw); } addRenderableWidget(Ui2Button.secondary(cx + 8, cy + ch - 26, 150, 20, Component.translatable(gateInLine ? ""hearthstead.builder.ui.gate_on"" : ""hearthstead.builder.ui.gate_off""), () -> {",NOT VERIFIED,NOT VERIFIED,NOT VERIFIED,NOT VERIFIED,NOT VERIFIED,NOT VERIFIED,
BuilderPlanScreen,src/main/java/com/hearthstead/client/builder/BuilderPlanScreen.java,399,"addRenderableWidget(Ui2Button.secondary(cx + 8, cy + ch - 26, 150, 20, Component.translatable(gateInLine ? ""hearthstead.builder.ui.gate_on"" : ""hearthstead.builder.ui.gate_off""), () -> { gateInLine = !gateInLine; rebuildWidgets();",NOT VERIFIED,NOT VERIFIED,NOT VERIFIED,NOT VERIFIED,NOT VERIFIED,NOT VERIFIED,
BuilderPlanScreen,src/main/java/com/hearthstead/client/builder/BuilderPlanScreen.java,436,"addRenderableWidget(new Ui2RowButton(cx + 4, cy + 4 + i * 14, 132, 13, Component.translatable(""hearthstead.building."" + r.typeId()) .append("" · L"" + r.level() + ""/"" + r.maxLevel()), r.buildingId().equals(selectedBuilding), () -> { selectedBuilding = r.buildingId();",NOT VERIFIED,NOT VERIFIED,NOT VERIFIED,NOT VERIFIED,NOT VERIFIED,NOT VERIFIED,
BuilderPlanScreen,src/main/java/com/hearthstead/client/builder/BuilderPlanScreen.java,450,"Ui2Button order = Ui2Button.banner(cx + cw - 110, cy + ch - 24, 104, 20, Component.translatable(""hearthstead.builder.ui.order_upgrade""), () -> BuilderClientState.validateUpgrade(r.buildingId())); order.active = any && r.level() < r.maxLevel(); addRenderableWidget(order);",NOT VERIFIED,NOT VERIFIED,NOT VERIFIED,NOT VERIFIED,NOT VERIFIED,NOT VERIFIED,
BuilderPlanScreen,src/main/java/com/hearthstead/client/builder/BuilderPlanScreen.java,454,"addRenderableWidget(order); if (!""builders_hut"".equals(r.typeId())) { Ui2Button down = Ui2Button.danger(cx + 144, cy + ch - 24, 84, 20, Component.translatable(""hearthstead.builder.ui.deconstruct""), () -> BuilderClientState.deconstruct(r.buildingId(), false));",NOT VERIFIED,NOT VERIFIED,NOT VERIFIED,NOT VERIFIED,NOT VERIFIED,NOT VERIFIED,
BuilderPlanScreen,src/main/java/com/hearthstead/client/builder/BuilderPlanScreen.java,456,"Ui2Button down = Ui2Button.danger(cx + 144, cy + ch - 24, 84, 20, Component.translatable(""hearthstead.builder.ui.deconstruct""), () -> BuilderClientState.deconstruct(r.buildingId(), false)); down.setTooltip(Tooltip.create(Component.translatable(""hearthstead.builder.ui.deconstruct.tip""))); addRenderableWidget(down);",NOT VERIFIED,NOT VERIFIED,NOT VERIFIED,NOT VERIFIED,NOT VERIFIED,NOT VERIFIED,
BuilderPlanScreen,src/main/java/com/hearthstead/client/builder/BuilderPlanScreen.java,460,addRenderableWidget(down); } } } ,NOT VERIFIED,NOT VERIFIED,NOT VERIFIED,NOT VERIFIED,NOT VERIFIED,NOT VERIFIED,
BuilderPlanScreen,src/main/java/com/hearthstead/client/builder/BuilderPlanScreen.java,523,"addRenderableWidget(Ui2Button.secondary(x0 + 8, y0 + h - 50, 92, 18, Component.translatable(""hearthstead.builder.ui.pickup."" + pickup), () -> BuilderClientState.settings(pickup + 1, fill))); addRenderableWidget(Ui2Button.secondary(x0 + 8, y0 + h - 28, 92, 18, Component.translatable(""hearthstead.builder.ui.fill."" + fill),",NOT VERIFIED,NOT VERIFIED,NOT VERIFIED,NOT VERIFIED,NOT VERIFIED,NOT VERIFIED,
BuilderPlanScreen,src/main/java/com/hearthstead/client/builder/BuilderPlanScreen.java,526,"addRenderableWidget(Ui2Button.secondary(x0 + 8, y0 + h - 28, 92, 18, Component.translatable(""hearthstead.builder.ui.fill."" + fill), () -> BuilderClientState.settings(pickup, fill + 1))); } List<BuilderPayloads.Site> sites = BuildSitesClient.sites();",NOT VERIFIED,NOT VERIFIED,NOT VERIFIED,NOT VERIFIED,NOT VERIFIED,NOT VERIFIED,
BuilderPlanScreen,src/main/java/com/hearthstead/client/builder/BuilderPlanScreen.java,534,"addRenderableWidget(new Ui2RowButton(cx + 4, cy + 4 + i * 16, 132, 15, Component.literal(s.label()), s.id().equals(selectedSite), () -> { selectedSite = s.id(); rebuildWidgets(); }));",NOT VERIFIED,NOT VERIFIED,NOT VERIFIED,NOT VERIFIED,NOT VERIFIED,NOT VERIFIED,
BuilderPlanScreen,src/main/java/com/hearthstead/client/builder/BuilderPlanScreen.java,546,"addRenderableWidget(Ui2Button.banner(bx, by - 24, 150, 20, Component.translatable(""hearthstead.builder.ui.request""), () -> BuilderClientState.siteAction(s.id(), BuildJobs.SiteAction.REQUEST_NOW.ordinal()))); addRenderableWidget(Ui2Button.secondary(bx, by, 58, 20, Component.translatable(s.paused() ? ""hearthstead.builder.ui.resume"" : ""hearthstead.builder.ui.pause""),",NOT VERIFIED,NOT VERIFIED,NOT VERIFIED,NOT VERIFIED,NOT VERIFIED,NOT VERIFIED,
BuilderPlanScreen,src/main/java/com/hearthstead/client/builder/BuilderPlanScreen.java,549,"addRenderableWidget(Ui2Button.secondary(bx, by, 58, 20, Component.translatable(s.paused() ? ""hearthstead.builder.ui.resume"" : ""hearthstead.builder.ui.pause""), () -> BuilderClientState.siteAction(s.id(), (s.paused() ? BuildJobs.SiteAction.RESUME : BuildJobs.SiteAction.PAUSE).ordinal()))); addRenderableWidget(Ui2Button.secondary(bx + 60, by, 20, 20, Component.literal(""▲""),",NOT VERIFIED,NOT VERIFIED,NOT VERIFIED,NOT VERIFIED,NOT VERIFIED,NOT VERIFIED,
BuilderPlanScreen,src/main/java/com/hearthstead/client/builder/BuilderPlanScreen.java,553,"addRenderableWidget(Ui2Button.secondary(bx + 60, by, 20, 20, Component.literal(""▲""), () -> BuilderClientState.siteAction(s.id(), BuildJobs.SiteAction.UP.ordinal()))); addRenderableWidget(Ui2Button.secondary(bx + 82, by, 20, 20, Component.literal(""▼""), () -> BuilderClientState.siteAction(s.id(), BuildJobs.SiteAction.DOWN.ordinal()))); addRenderableWidget(Ui2Button.secondary(bx + 104, by, 44, 20,",NOT VERIFIED,NOT VERIFIED,NOT VERIFIED,NOT VERIFIED,NOT VERIFIED,NOT VERIFIED,
BuilderPlanScreen,src/main/java/com/hearthstead/client/builder/BuilderPlanScreen.java,555,"addRenderableWidget(Ui2Button.secondary(bx + 82, by, 20, 20, Component.literal(""▼""), () -> BuilderClientState.siteAction(s.id(), BuildJobs.SiteAction.DOWN.ordinal()))); addRenderableWidget(Ui2Button.secondary(bx + 104, by, 44, 20, Component.translatable(""hearthstead.builder.ui.rush""), () -> BuilderClientState.siteAction(s.id(), BuildJobs.SiteAction.RUSH.ordinal())));",NOT VERIFIED,NOT VERIFIED,NOT VERIFIED,NOT VERIFIED,NOT VERIFIED,NOT VERIFIED,
BuilderPlanScreen,src/main/java/com/hearthstead/client/builder/BuilderPlanScreen.java,557,"addRenderableWidget(Ui2Button.secondary(bx + 104, by, 44, 20, Component.translatable(""hearthstead.builder.ui.rush""), () -> BuilderClientState.siteAction(s.id(), BuildJobs.SiteAction.RUSH.ordinal()))); Ui2Button stop = Ui2Button.danger(bx + 150, by, 52, 20, Component.translatable(""hearthstead.builder.ui.stop""), () -> BuilderClientState.siteAction(s.id(), BuildJobs.SiteAction.CANCEL_KEEP.ordinal()));",NOT VERIFIED,NOT VERIFIED,NOT VERIFIED,NOT VERIFIED,NOT VERIFIED,NOT VERIFIED,
BuilderPlanScreen,src/main/java/com/hearthstead/client/builder/BuilderPlanScreen.java,560,"Ui2Button stop = Ui2Button.danger(bx + 150, by, 52, 20, Component.translatable(""hearthstead.builder.ui.stop""), () -> BuilderClientState.siteAction(s.id(), BuildJobs.SiteAction.CANCEL_KEEP.ordinal())); stop.setTooltip(Tooltip.create(Component.translatable(""hearthstead.builder.ui.stop.tip""))); addRenderableWidget(stop); Ui2Button dismantle = Ui2Button.danger(bx + 204, by, 70, 20,",NOT VERIFIED,NOT VERIFIED,NOT VERIFIED,NOT VERIFIED,NOT VERIFIED,NOT VERIFIED,
BuilderPlanScreen,src/main/java/com/hearthstead/client/builder/BuilderPlanScreen.java,563,"addRenderableWidget(stop); Ui2Button dismantle = Ui2Button.danger(bx + 204, by, 70, 20, Component.translatable(""hearthstead.builder.ui.dismantle""), () -> BuilderClientState.siteAction(s.id(), BuildJobs.SiteAction.DISMANTLE.ordinal())); dismantle.setTooltip(Tooltip.create(Component.translatable(""hearthstead.builder.ui.dismantle.tip"")));",NOT VERIFIED,NOT VERIFIED,NOT VERIFIED,NOT VERIFIED,NOT VERIFIED,NOT VERIFIED,
BuilderPlanScreen,src/main/java/com/hearthstead/client/builder/BuilderPlanScreen.java,564,"Ui2Button dismantle = Ui2Button.danger(bx + 204, by, 70, 20, Component.translatable(""hearthstead.builder.ui.dismantle""), () -> BuilderClientState.siteAction(s.id(), BuildJobs.SiteAction.DISMANTLE.ordinal())); dismantle.setTooltip(Tooltip.create(Component.translatable(""hearthstead.builder.ui.dismantle.tip""))); addRenderableWidget(dismantle);",NOT VERIFIED,NOT VERIFIED,NOT VERIFIED,NOT VERIFIED,NOT VERIFIED,NOT VERIFIED,
BuilderPlanScreen,src/main/java/com/hearthstead/client/builder/BuilderPlanScreen.java,568,"addRenderableWidget(dismantle); if (s.blocked() > 0) { addRenderableWidget(Ui2Button.secondary(bx + 154, by - 24, 120, 20, Component.translatable(""hearthstead.builder.ui.allow_overwrite""), () -> BuilderClientState.siteAction(s.id(), BuildJobs.SiteAction.ALLOW_OVERWRITE.ordinal())));",NOT VERIFIED,NOT VERIFIED,NOT VERIFIED,NOT VERIFIED,NOT VERIFIED,NOT VERIFIED,
BuilderPlanScreen,src/main/java/com/hearthstead/client/builder/BuilderPlanScreen.java,570,"addRenderableWidget(Ui2Button.secondary(bx + 154, by - 24, 120, 20, Component.translatable(""hearthstead.builder.ui.allow_overwrite""), () -> BuilderClientState.siteAction(s.id(), BuildJobs.SiteAction.ALLOW_OVERWRITE.ordinal()))); } }",NOT VERIFIED,NOT VERIFIED,NOT VERIFIED,NOT VERIFIED,NOT VERIFIED,NOT VERIFIED,
DesignNameScreen,src/main/java/com/hearthstead/client/builder/DesignNameScreen.java,46,"addRenderableWidget(Ui2Frame.closeKey(frame, this::onClose)); name = new EditBox(font, c.x(), c.y(), c.width(), 18, Component.translatable(""hearthstead.builder.design.name"")); name.setMaxLength(40); addRenderableWidget(name); setInitialFocus(name);",NOT VERIFIED,NOT VERIFIED,NOT VERIFIED,NOT VERIFIED,NOT VERIFIED,NOT VERIFIED,
DesignNameScreen,src/main/java/com/hearthstead/client/builder/DesignNameScreen.java,49,"addRenderableWidget(name); setInitialFocus(name); addRenderableWidget(Ui2Button.secondary(f.x(), f.y(), 80, 20, Component.translatable(""hearthstead.builder.ui.back""), this::onClose)); addRenderableWidget(Ui2Button.banner(f.right() - 100, f.y(), 100, 20,",NOT VERIFIED,NOT VERIFIED,NOT VERIFIED,NOT VERIFIED,NOT VERIFIED,NOT VERIFIED,
DesignNameScreen,src/main/java/com/hearthstead/client/builder/DesignNameScreen.java,51,"addRenderableWidget(Ui2Button.secondary(f.x(), f.y(), 80, 20, Component.translatable(""hearthstead.builder.ui.back""), this::onClose)); addRenderableWidget(Ui2Button.banner(f.right() - 100, f.y(), 100, 20, Component.translatable(""hearthstead.builder.design.save""), () -> { SurveyRodClient.save(a, b, name.getValue());",NOT VERIFIED,NOT VERIFIED,NOT VERIFIED,NOT VERIFIED,NOT VERIFIED,NOT VERIFIED,
DesignNameScreen,src/main/java/com/hearthstead/client/builder/DesignNameScreen.java,53,"addRenderableWidget(Ui2Button.banner(f.right() - 100, f.y(), 100, 20, Component.translatable(""hearthstead.builder.design.save""), () -> { SurveyRodClient.save(a, b, name.getValue()); onClose(); }));",NOT VERIFIED,NOT VERIFIED,NOT VERIFIED,NOT VERIFIED,NOT VERIFIED,NOT VERIFIED,
CaptainScreen,src/main/java/com/hearthstead/client/captain/CaptainScreen.java,59,"addRenderableWidget(nameBox); addRenderableWidget(Ui2Button.primary(left + 190, top + 31, 96, 18, Component.translatable(""hearthstead.captain.panel.rename""), () -> CaptainClient.send(captain.getId(), CaptainPayloads.Action.RENAME, 0, nameBox.getValue()))); ",NOT VERIFIED,NOT VERIFIED,NOT VERIFIED,NOT VERIFIED,NOT VERIFIED,NOT VERIFIED,
CaptainScreen,src/main/java/com/hearthstead/client/captain/CaptainScreen.java,60,"addRenderableWidget(Ui2Button.primary(left + 190, top + 31, 96, 18, Component.translatable(""hearthstead.captain.panel.rename""), () -> CaptainClient.send(captain.getId(), CaptainPayloads.Action.RENAME, 0, nameBox.getValue())));  int current = state == null ? -1 : state.loadout();",NOT VERIFIED,NOT VERIFIED,NOT VERIFIED,NOT VERIFIED,NOT VERIFIED,NOT VERIFIED,
CaptainScreen,src/main/java/com/hearthstead/client/captain/CaptainScreen.java,73,"? Ui2Button.primary(bx, by, 88, 18, label, () -> { }) : Ui2Button.secondary(bx, by, 88, 18, label, () -> CaptainClient.send(captain.getId(), CaptainPayloads.Action.LOADOUT, l.wireId(), """")); b.setTooltip(Tooltip.create(Component.translatable(""hearthstead.captain.loadout."" + l.key() + "".tip""))); addRenderableWidget(b);",NOT VERIFIED,NOT VERIFIED,NOT VERIFIED,NOT VERIFIED,NOT VERIFIED,NOT VERIFIED,
CaptainScreen,src/main/java/com/hearthstead/client/captain/CaptainScreen.java,74,": Ui2Button.secondary(bx, by, 88, 18, label, () -> CaptainClient.send(captain.getId(), CaptainPayloads.Action.LOADOUT, l.wireId(), """")); b.setTooltip(Tooltip.create(Component.translatable(""hearthstead.captain.loadout."" + l.key() + "".tip""))); addRenderableWidget(b); }",NOT VERIFIED,NOT VERIFIED,NOT VERIFIED,NOT VERIFIED,NOT VERIFIED,NOT VERIFIED,
CaptainScreen,src/main/java/com/hearthstead/client/captain/CaptainScreen.java,77,"addRenderableWidget(b); } int cape = state == null ? -1 : state.cape(); Component capeLabel = cape < 0 ? Component.translatable(""hearthstead.captain.panel.cape_default"") : Component.translatable(""color.minecraft."" + DyeColor.byId(cape).getName());",NOT VERIFIED,NOT VERIFIED,NOT VERIFIED,NOT VERIFIED,NOT VERIFIED,NOT VERIFIED,
CaptainScreen,src/main/java/com/hearthstead/client/captain/CaptainScreen.java,82,"addRenderableWidget(Ui2Button.secondary(left + 14, top + 186, 130, 18, Component.translatable(""hearthstead.captain.panel.cape"", capeLabel), () -> CaptainClient.send(captain.getId(), CaptainPayloads.Action.CAPE, cape >= 15 ? -1 : cape + 1, """"))); boolean plume = state == null || state.plume(); addRenderableWidget(Ui2Button.secondary(left + 150, top + 186, 136, 18,",NOT VERIFIED,NOT VERIFIED,NOT VERIFIED,NOT VERIFIED,NOT VERIFIED,NOT VERIFIED,
CaptainScreen,src/main/java/com/hearthstead/client/captain/CaptainScreen.java,86,"addRenderableWidget(Ui2Button.secondary(left + 150, top + 186, 136, 18, Component.translatable(plume ? ""hearthstead.captain.panel.plume_on"" : ""hearthstead.captain.panel.plume_off""), () -> CaptainClient.send(captain.getId(), CaptainPayloads.Action.PLUME, plume ? 0 : 1, """"))); } ",NOT VERIFIED,NOT VERIFIED,NOT VERIFIED,NOT VERIFIED,NOT VERIFIED,NOT VERIFIED,
BarterScreen,src/main/java/com/hearthstead/client/conversation/BarterScreen.java,98,"addRenderableWidget(Ui2Frame.closeKey(f, this::onClose)); Rect[] b = f.footerButtons(3, 76); buttonsY = b[0].y(); addRenderableWidget(Ui2Tips.tip(Ui2Button.secondary(b[0].x(), b[0].y(), b[0].width(), b[0].height(), Component.translatable(""conversation.hearthstead.barter.leave""), this::onClose),",NOT VERIFIED,NOT VERIFIED,NOT VERIFIED,NOT VERIFIED,NOT VERIFIED,NOT VERIFIED,
BarterScreen,src/main/java/com/hearthstead/client/conversation/BarterScreen.java,101,"addRenderableWidget(Ui2Tips.tip(Ui2Button.secondary(b[0].x(), b[0].y(), b[0].width(), b[0].height(), Component.translatable(""conversation.hearthstead.barter.leave""), this::onClose), Component.literal(""Leave the table (Esc)""))); addRenderableWidget(Ui2Tips.tip(Ui2Button.secondary(b[1].x(), b[1].y(), b[1].width(), b[1].height(), Component.translatable(""conversation.hearthstead.barter.reset""), () -> {",NOT VERIFIED,NOT VERIFIED,NOT VERIFIED,NOT VERIFIED,NOT VERIFIED,NOT VERIFIED,
BarterScreen,src/main/java/com/hearthstead/client/conversation/BarterScreen.java,104,"addRenderableWidget(Ui2Tips.tip(Ui2Button.secondary(b[1].x(), b[1].y(), b[1].width(), b[1].height(), Component.translatable(""conversation.hearthstead.barter.reset""), () -> { give = new int[ConvBarterPayload.MINE_SLOTS]; take = new int[ConvBarterPayload.MAX_THEIRS]; }), Component.literal(""Take both offers back"")));",NOT VERIFIED,NOT VERIFIED,NOT VERIFIED,NOT VERIFIED,NOT VERIFIED,NOT VERIFIED,
BarterScreen,src/main/java/com/hearthstead/client/conversation/BarterScreen.java,109,"acceptButton = addRenderableWidget(Ui2Button.banner(b[2].x(), b[2].y(), b[2].width(), b[2].height(), Component.translatable(""conversation.hearthstead.barter.accept""), this::accept)); }  @Override",NOT VERIFIED,NOT VERIFIED,NOT VERIFIED,NOT VERIFIED,NOT VERIFIED,NOT VERIFIED,
PatrolRouteScreen,src/main/java/com/hearthstead/client/patrol/PatrolRouteScreen.java,94,"addRenderableWidget(Ui2Frame.closeKey(frame, this::onClose)); int listX = left + PAD; int newY = top + 28 + PatrolRules.MAX_ROUTES * ROW_H + 4; Ui2Button create = Ui2Button.secondary(listX, newY, LIST_W, 14, Component.literal(""+ New route""), () -> send(PatrolActionPayload.Kind.CREATE, -1, 0));",NOT VERIFIED,NOT VERIFIED,NOT VERIFIED,NOT VERIFIED,NOT VERIFIED,NOT VERIFIED,
PatrolRouteScreen,src/main/java/com/hearthstead/client/patrol/PatrolRouteScreen.java,97,"Ui2Button create = Ui2Button.secondary(listX, newY, LIST_W, 14, Component.literal(""+ New route""), () -> send(PatrolActionPayload.Kind.CREATE, -1, 0)); create.active = snapshot.routes().size() < PatrolRules.MAX_ROUTES; addRenderableWidget(create); ",NOT VERIFIED,NOT VERIFIED,NOT VERIFIED,NOT VERIFIED,NOT VERIFIED,NOT VERIFIED,
PatrolRouteScreen,src/main/java/com/hearthstead/client/patrol/PatrolRouteScreen.java,100,addRenderableWidget(create);  PatrolSnapshotPayload.Route route = selected(); if (route == null) return; int x = left + PAD + LIST_W + 10;,NOT VERIFIED,NOT VERIFIED,NOT VERIFIED,NOT VERIFIED,NOT VERIFIED,NOT VERIFIED,
PatrolRouteScreen,src/main/java/com/hearthstead/client/patrol/PatrolRouteScreen.java,109,"addRenderableWidget(nameBox); addRenderableWidget(Ui2Button.secondary(x + w - 54, top + 26, 54, 14, Component.literal(""Rename""), this::rename));  int rowY = top + 60;",NOT VERIFIED,NOT VERIFIED,NOT VERIFIED,NOT VERIFIED,NOT VERIFIED,NOT VERIFIED,
PatrolRouteScreen,src/main/java/com/hearthstead/client/patrol/PatrolRouteScreen.java,110,"addRenderableWidget(Ui2Button.secondary(x + w - 54, top + 26, 54, 14, Component.literal(""Rename""), this::rename));  int rowY = top + 60; addRenderableWidget(Ui2Button.secondary(x, rowY, 76, 14,",NOT VERIFIED,NOT VERIFIED,NOT VERIFIED,NOT VERIFIED,NOT VERIFIED,NOT VERIFIED,
PatrolRouteScreen,src/main/java/com/hearthstead/client/patrol/PatrolRouteScreen.java,114,"addRenderableWidget(Ui2Button.secondary(x, rowY, 76, 14, Component.literal(route.loop() ? ""Loop: closed"" : ""Loop: open""), () -> send(PatrolActionPayload.Kind.TOGGLE_LOOP, route.id(), 0))); addRenderableWidget(Ui2Button.secondary(x + 80, rowY, 96, 14, Component.literal(""Formation: "" + (route.formation() == 1 ? ""pairs"" : ""column"")),",NOT VERIFIED,NOT VERIFIED,NOT VERIFIED,NOT VERIFIED,NOT VERIFIED,NOT VERIFIED,
PatrolRouteScreen,src/main/java/com/hearthstead/client/patrol/PatrolRouteScreen.java,117,"addRenderableWidget(Ui2Button.secondary(x + 80, rowY, 96, 14, Component.literal(""Formation: "" + (route.formation() == 1 ? ""pairs"" : ""column"")), () -> send(PatrolActionPayload.Kind.SET_FORMATION, route.id(), route.formation() == 1 ? 0 : 1)));  int shiftY = top + 78;",NOT VERIFIED,NOT VERIFIED,NOT VERIFIED,NOT VERIFIED,NOT VERIFIED,NOT VERIFIED,
PatrolRouteScreen,src/main/java/com/hearthstead/client/patrol/PatrolRouteScreen.java,122,"Ui2Button minus = Ui2Button.secondary(x + w - 40, shiftY, 18, 14, Component.literal(""−""), () -> send(PatrolActionPayload.Kind.SET_PER_SHIFT, route.id(), route.perShift() - 1)); minus.active = route.perShift() > 0; Ui2Button plus = Ui2Button.secondary(x + w - 18, shiftY, 18, 14, Component.literal(""+""), () -> send(PatrolActionPayload.Kind.SET_PER_SHIFT, route.id(), route.perShift() + 1));",NOT VERIFIED,NOT VERIFIED,NOT VERIFIED,NOT VERIFIED,NOT VERIFIED,NOT VERIFIED,
PatrolRouteScreen,src/main/java/com/hearthstead/client/patrol/PatrolRouteScreen.java,125,"Ui2Button plus = Ui2Button.secondary(x + w - 18, shiftY, 18, 14, Component.literal(""+""), () -> send(PatrolActionPayload.Kind.SET_PER_SHIFT, route.id(), route.perShift() + 1)); plus.active = route.perShift() < PatrolRules.MAX_PER_SHIFT; addRenderableWidget(minus); addRenderableWidget(plus);",NOT VERIFIED,NOT VERIFIED,NOT VERIFIED,NOT VERIFIED,NOT VERIFIED,NOT VERIFIED,
PatrolRouteScreen,src/main/java/com/hearthstead/client/patrol/PatrolRouteScreen.java,128,"addRenderableWidget(minus); addRenderableWidget(plus);  int pages = Math.max(1, (snapshot.guards().size() + GUARD_ROWS - 1) / GUARD_ROWS); guardPage = Math.max(0, Math.min(pages - 1, guardPage));",NOT VERIFIED,NOT VERIFIED,NOT VERIFIED,NOT VERIFIED,NOT VERIFIED,NOT VERIFIED,
PatrolRouteScreen,src/main/java/com/hearthstead/client/patrol/PatrolRouteScreen.java,129,"addRenderableWidget(plus);  int pages = Math.max(1, (snapshot.guards().size() + GUARD_ROWS - 1) / GUARD_ROWS); guardPage = Math.max(0, Math.min(pages - 1, guardPage)); if (pages > 1) {",NOT VERIFIED,NOT VERIFIED,NOT VERIFIED,NOT VERIFIED,NOT VERIFIED,NOT VERIFIED,
PatrolRouteScreen,src/main/java/com/hearthstead/client/patrol/PatrolRouteScreen.java,135,"addRenderableWidget(Ui2Button.secondary(x, pageY, 30, 12, Component.literal(""‹""), () -> { guardPage = Math.max(0, guardPage - 1); rebuildWidgets(); })); addRenderableWidget(Ui2Button.secondary(x + 34, pageY, 30, 12, Component.literal(""›""), () -> {",NOT VERIFIED,NOT VERIFIED,NOT VERIFIED,NOT VERIFIED,NOT VERIFIED,NOT VERIFIED,
PatrolRouteScreen,src/main/java/com/hearthstead/client/patrol/PatrolRouteScreen.java,139,"addRenderableWidget(Ui2Button.secondary(x + 34, pageY, 30, 12, Component.literal(""›""), () -> { guardPage = Math.min(pages - 1, guardPage + 1); rebuildWidgets(); })); }",NOT VERIFIED,NOT VERIFIED,NOT VERIFIED,NOT VERIFIED,NOT VERIFIED,NOT VERIFIED,
PatrolRouteScreen,src/main/java/com/hearthstead/client/patrol/PatrolRouteScreen.java,144,"addRenderableWidget(Ui2Button.danger(left + W - PAD - 70, top + H - 24, 70, 16, Component.literal(""Delete route""), () -> send(PatrolActionPayload.Kind.DELETE, route.id(), 0))); }  private void rename() {",NOT VERIFIED,NOT VERIFIED,NOT VERIFIED,NOT VERIFIED,NOT VERIFIED,NOT VERIFIED,
BannerOrderScreen,src/main/java/com/hearthstead/client/screen/BannerOrderScreen.java,58,"Ui2Button[] self = new Ui2Button[1]; Ui2Button takeover = Ui2Button.banner(r.x(), r.y(), r.width(), r.height(), Component.translatable(""hearthstead.banner.takeover""), () -> { PacketDistributor.sendToServer(new BannerOrderActionPayload(BannerOrderActionPayload.TAKEOVER, menu.token(), BannerOrderActionPayload.NONE));",NOT VERIFIED,NOT VERIFIED,NOT VERIFIED,NOT VERIFIED,NOT VERIFIED,NOT VERIFIED,
BannerOrderScreen,src/main/java/com/hearthstead/client/screen/BannerOrderScreen.java,59,"Ui2Button takeover = Ui2Button.banner(r.x(), r.y(), r.width(), r.height(), Component.translatable(""hearthstead.banner.takeover""), () -> { PacketDistributor.sendToServer(new BannerOrderActionPayload(BannerOrderActionPayload.TAKEOVER, menu.token(), BannerOrderActionPayload.NONE)); self[0].active = false;",NOT VERIFIED,NOT VERIFIED,NOT VERIFIED,NOT VERIFIED,NOT VERIFIED,NOT VERIFIED,
BannerOrderScreen,src/main/java/com/hearthstead/client/screen/BannerOrderScreen.java,67,"addRenderableWidget(takeover); } addRenderableWidget(Ui2Frame.closeKey(layout.frame(), this::onClose)); } ",NOT VERIFIED,NOT VERIFIED,NOT VERIFIED,NOT VERIFIED,NOT VERIFIED,NOT VERIFIED,
BannerOrderScreen,src/main/java/com/hearthstead/client/screen/BannerOrderScreen.java,69,"addRenderableWidget(Ui2Frame.closeKey(layout.frame(), this::onClose)); }  private void command(Rect r, String key, int action, boolean target) { Ui2Button button = Ui2Button.secondary(r.x(), r.y(), r.width(), r.height(),",NOT VERIFIED,NOT VERIFIED,NOT VERIFIED,NOT VERIFIED,NOT VERIFIED,NOT VERIFIED,
BannerOrderScreen,src/main/java/com/hearthstead/client/screen/BannerOrderScreen.java,73,"Ui2Button button = Ui2Button.secondary(r.x(), r.y(), r.width(), r.height(), Component.translatable(""hearthstead.banner."" + key), () -> { PacketDistributor.sendToServer(new BannerOrderActionPayload(action, menu.token(), BannerOrderActionPayload.NONE)); onClose();",NOT VERIFIED,NOT VERIFIED,NOT VERIFIED,NOT VERIFIED,NOT VERIFIED,NOT VERIFIED,
BannerOrderScreen,src/main/java/com/hearthstead/client/screen/BannerOrderScreen.java,83,addRenderableWidget(button); }  @Override public void tick() {,NOT VERIFIED,NOT VERIFIED,NOT VERIFIED,NOT VERIFIED,NOT VERIFIED,NOT VERIFIED,
BlessingScreen,src/main/java/com/hearthstead/client/screen/BlessingScreen.java,284,addRenderableWidget(button); }  if (!requiresChoice(snapshot)) { addTerminalCloseKey();,NOT VERIFIED,NOT VERIFIED,NOT VERIFIED,NOT VERIFIED,NOT VERIFIED,NOT VERIFIED,
BlessingScreen,src/main/java/com/hearthstead/client/screen/BlessingScreen.java,304,"addRenderableWidget(closeButton); }  private void claimCard(BlessingId blessing) { if (!canClaim(snapshot, waiting, claim.presenting()) || blessing == null) {",NOT VERIFIED,NOT VERIFIED,NOT VERIFIED,NOT VERIFIED,NOT VERIFIED,NOT VERIFIED,
CoinMerchantScreen,src/main/java/com/hearthstead/client/screen/CoinMerchantScreen.java,86,"addRenderableWidget(Ui2Frame.closeKey(layout.frame(), this::onClose)); }  /** Read-only state sampled by the dormant QA observer at an explicit frame barrier. */ @Override",NOT VERIFIED,NOT VERIFIED,NOT VERIFIED,NOT VERIFIED,NOT VERIFIED,NOT VERIFIED,
DevelopmentScreen,src/main/java/com/hearthstead/client/screen/DevelopmentScreen.java,394,"addRenderableWidget(close);  right = left + PAD + REFRESH_W + CENTER_W + 2 * ZOOM_W + 3 * CONTROL_GAP; right -= ZOOM_W; HsButton zoomIn = PixelButton.normal(right, top + 41, ZOOM_W,",NOT VERIFIED,NOT VERIFIED,NOT VERIFIED,NOT VERIFIED,NOT VERIFIED,NOT VERIFIED,
DevelopmentScreen,src/main/java/com/hearthstead/client/screen/DevelopmentScreen.java,402,"addRenderableWidget(zoomIn);  right -= CONTROL_GAP + ZOOM_W; HsButton zoomOut = PixelButton.normal(right, top + 41, ZOOM_W, HsUiTokens.BUTTON_H, Component.literal(""-""), () -> zoom(-1));",NOT VERIFIED,NOT VERIFIED,NOT VERIFIED,NOT VERIFIED,NOT VERIFIED,NOT VERIFIED,
DevelopmentScreen,src/main/java/com/hearthstead/client/screen/DevelopmentScreen.java,409,"addRenderableWidget(zoomOut);  right -= CONTROL_GAP + CENTER_W; HsButton centre = PixelButton.normal(right, top + 41, CENTER_W, HsUiTokens.BUTTON_H, Component.literal(""Fit""), this::resetView);",NOT VERIFIED,NOT VERIFIED,NOT VERIFIED,NOT VERIFIED,NOT VERIFIED,NOT VERIFIED,
DevelopmentScreen,src/main/java/com/hearthstead/client/screen/DevelopmentScreen.java,416,"addRenderableWidget(centre);  right -= CONTROL_GAP + REFRESH_W; HsButton refresh = PixelButton.normal(right, top + 41, REFRESH_W, HsUiTokens.BUTTON_H,",NOT VERIFIED,NOT VERIFIED,NOT VERIFIED,NOT VERIFIED,NOT VERIFIED,NOT VERIFIED,
DevelopmentScreen,src/main/java/com/hearthstead/client/screen/DevelopmentScreen.java,424,"addRenderableWidget(refresh);  inspectorPrevious = PixelButton.normal(inspectorLeft + 6, inspectorTop + inspectorHeight - 23, 24, 18, Component.literal(""<""), () -> changeInspectorPage(-1));",NOT VERIFIED,NOT VERIFIED,NOT VERIFIED,NOT VERIFIED,NOT VERIFIED,NOT VERIFIED,
DevelopmentScreen,src/main/java/com/hearthstead/client/screen/DevelopmentScreen.java,434,"addRenderableWidget(inspectorPrevious); addRenderableWidget(inspectorNext); learnButton = PixelButton.action(left + panelWidth - PAD - 116, top + panelHeight - 26, 116, HsUiTokens.BUTTON_H, Component.translatable(""hearthstead.development.action.learn""), () -> {",NOT VERIFIED,NOT VERIFIED,NOT VERIFIED,NOT VERIFIED,NOT VERIFIED,NOT VERIFIED,
DevelopmentScreen,src/main/java/com/hearthstead/client/screen/DevelopmentScreen.java,435,"addRenderableWidget(inspectorNext); learnButton = PixelButton.action(left + panelWidth - PAD - 116, top + panelHeight - 26, 116, HsUiTokens.BUTTON_H, Component.translatable(""hearthstead.development.action.learn""), () -> { if (inspectedUpgrade != null) {",NOT VERIFIED,NOT VERIFIED,NOT VERIFIED,NOT VERIFIED,NOT VERIFIED,NOT VERIFIED,
DevelopmentScreen,src/main/java/com/hearthstead/client/screen/DevelopmentScreen.java,445,"addRenderableWidget(learnButton); updateInspectorControls();  for (CachedNode node : cached) { TechNodeButton button = new TechNodeButton(node, false,",NOT VERIFIED,NOT VERIFIED,NOT VERIFIED,NOT VERIFIED,NOT VERIFIED,NOT VERIFIED,
DevelopmentScreen,src/main/java/com/hearthstead/client/screen/DevelopmentScreen.java,449,"TechNodeButton button = new TechNodeButton(node, false, () -> setInspectedNode(cached[node.node.ordinal()])); nodeButtons.add(button); focusOrder.add(button); }",NOT VERIFIED,NOT VERIFIED,NOT VERIFIED,NOT VERIFIED,NOT VERIFIED,NOT VERIFIED,
DevelopmentScreen,src/main/java/com/hearthstead/client/screen/DevelopmentScreen.java,455,"TechNodeButton button = new TechNodeButton(upgrade, true, () -> setInspectedUpgrade(cachedUpgrades[upgrade.upgrade.ordinal()])); upgradeButtons.add(button); focusOrder.add(button); }",NOT VERIFIED,NOT VERIFIED,NOT VERIFIED,NOT VERIFIED,NOT VERIFIED,NOT VERIFIED,
DevelopmentScreen,src/main/java/com/hearthstead/client/screen/DevelopmentScreen.java,466,addRenderableWidget(button); } relayoutNodeControls(); } ,NOT VERIFIED,NOT VERIFIED,NOT VERIFIED,NOT VERIFIED,NOT VERIFIED,NOT VERIFIED,
DevelopmentScreen,src/main/java/com/hearthstead/client/screen/DevelopmentScreen.java,2316,"return new PixelButton(x, y, w, h, label, action, false, false); }  public static PixelButton action(int x, int y, int w, int h, Component label, Runnable action) {",NOT VERIFIED,NOT VERIFIED,NOT VERIFIED,NOT VERIFIED,NOT VERIFIED,NOT VERIFIED,
DevelopmentScreen,src/main/java/com/hearthstead/client/screen/DevelopmentScreen.java,2321,"return new PixelButton(x, y, w, h, label, action, false, true); }  public static PixelButton danger(int x, int y, int w, int h, Component label, Runnable action) {",NOT VERIFIED,NOT VERIFIED,NOT VERIFIED,NOT VERIFIED,NOT VERIFIED,NOT VERIFIED,
DevelopmentScreen,src/main/java/com/hearthstead/client/screen/DevelopmentScreen.java,2326,"return new PixelButton(x, y, w, h, label, action, true, false); }  @Override public void onClick(double x, double y) {",NOT VERIFIED,NOT VERIFIED,NOT VERIFIED,NOT VERIFIED,NOT VERIFIED,NOT VERIFIED,
EmblemShopScreen,src/main/java/com/hearthstead/client/screen/EmblemShopScreen.java,259,"ShopButton buy = new ShopButton(r.x(), r.y(), r.width(), r.height(), Component.empty(), Ui2Button.Variant.BANNER, () -> buyVisibleRow(visibleRow), null); rowButtons.add(buy); addRenderableWidget(buy); }",NOT VERIFIED,NOT VERIFIED,NOT VERIFIED,NOT VERIFIED,NOT VERIFIED,NOT VERIFIED,
EmblemShopScreen,src/main/java/com/hearthstead/client/screen/EmblemShopScreen.java,260,"Ui2Button.Variant.BANNER, () -> buyVisibleRow(visibleRow), null); rowButtons.add(buy); addRenderableWidget(buy); } Rect ir = layout.inspect();",NOT VERIFIED,NOT VERIFIED,NOT VERIFIED,NOT VERIFIED,NOT VERIFIED,NOT VERIFIED,
EmblemShopScreen,src/main/java/com/hearthstead/client/screen/EmblemShopScreen.java,262,"addRenderableWidget(buy); } Rect ir = layout.inspect(); inspectMayorButton = new ShopButton(ir.x(), ir.y(), ir.width(), ir.height(), Component.translatable(""hearthstead.emblem_shop.inspect""), Ui2Button.Variant.SECONDARY,",NOT VERIFIED,NOT VERIFIED,NOT VERIFIED,NOT VERIFIED,NOT VERIFIED,NOT VERIFIED,
EmblemShopScreen,src/main/java/com/hearthstead/client/screen/EmblemShopScreen.java,265,"inspectMayorButton = new ShopButton(ir.x(), ir.y(), ir.width(), ir.height(), Component.translatable(""hearthstead.emblem_shop.inspect""), Ui2Button.Variant.SECONDARY, this::inspectMayor, FocusTarget.inspect()); refreshInspectButton(); addRenderableWidget(inspectMayorButton);",NOT VERIFIED,NOT VERIFIED,NOT VERIFIED,NOT VERIFIED,NOT VERIFIED,NOT VERIFIED,
EmblemShopScreen,src/main/java/com/hearthstead/client/screen/EmblemShopScreen.java,266,"Component.translatable(""hearthstead.emblem_shop.inspect""), Ui2Button.Variant.SECONDARY, this::inspectMayor, FocusTarget.inspect()); refreshInspectButton(); addRenderableWidget(inspectMayorButton); Rect c = layout.frame().close();",NOT VERIFIED,NOT VERIFIED,NOT VERIFIED,NOT VERIFIED,NOT VERIFIED,NOT VERIFIED,
EmblemShopScreen,src/main/java/com/hearthstead/client/screen/EmblemShopScreen.java,269,"addRenderableWidget(inspectMayorButton); Rect c = layout.frame().close(); closeButton = new CloseKey(c.x(), c.y(), c.width(), c.height(), this::onClose); closeButton.setTooltip(Tooltip.create(Component.literal(""Close (Esc)""))); addRenderableWidget(closeButton);",NOT VERIFIED,NOT VERIFIED,NOT VERIFIED,NOT VERIFIED,NOT VERIFIED,NOT VERIFIED,
EmblemShopScreen,src/main/java/com/hearthstead/client/screen/EmblemShopScreen.java,273,addRenderableWidget(closeButton); refreshVisibleRows(); restoreFocus(retainedFocus); } ,NOT VERIFIED,NOT VERIFIED,NOT VERIFIED,NOT VERIFIED,NOT VERIFIED,NOT VERIFIED,
EquipmentRequestListScreen,src/main/java/com/hearthstead/client/screen/EquipmentRequestListScreen.java,203,"int refreshW = Math.min(r.width(), Ui2Button.textWidth(font, refreshLabel)); refreshButton = addRenderableWidget(Ui2Button.secondary(r.x(), r.y(), refreshW, r.height(), refreshLabel, this::requestSnapshot)); Rect b = layout.back(); int backW = Math.min(b.width(), Ui2Button.textWidth(font, backLabel));",NOT VERIFIED,NOT VERIFIED,NOT VERIFIED,NOT VERIFIED,NOT VERIFIED,NOT VERIFIED,
EquipmentRequestListScreen,src/main/java/com/hearthstead/client/screen/EquipmentRequestListScreen.java,204,"refreshButton = addRenderableWidget(Ui2Button.secondary(r.x(), r.y(), refreshW, r.height(), refreshLabel, this::requestSnapshot)); Rect b = layout.back(); int backW = Math.min(b.width(), Ui2Button.textWidth(font, backLabel)); backButton = addRenderableWidget(Ui2Button.secondary(b.right() - backW, b.y(), backW, b.height(),",NOT VERIFIED,NOT VERIFIED,NOT VERIFIED,NOT VERIFIED,NOT VERIFIED,NOT VERIFIED,
EquipmentRequestListScreen,src/main/java/com/hearthstead/client/screen/EquipmentRequestListScreen.java,207,"int backW = Math.min(b.width(), Ui2Button.textWidth(font, backLabel)); backButton = addRenderableWidget(Ui2Button.secondary(b.right() - backW, b.y(), backW, b.height(), backLabel, this::returnToParent)); addRenderableWidget(Ui2Frame.closeKey(layout.frame(), this::onClose)); if (restoreRefresh) setFocused(refreshButton);",NOT VERIFIED,NOT VERIFIED,NOT VERIFIED,NOT VERIFIED,NOT VERIFIED,NOT VERIFIED,
EquipmentRequestListScreen,src/main/java/com/hearthstead/client/screen/EquipmentRequestListScreen.java,208,"backButton = addRenderableWidget(Ui2Button.secondary(b.right() - backW, b.y(), backW, b.height(), backLabel, this::returnToParent)); addRenderableWidget(Ui2Frame.closeKey(layout.frame(), this::onClose)); if (restoreRefresh) setFocused(refreshButton); else if (restoreBack) setFocused(backButton);",NOT VERIFIED,NOT VERIFIED,NOT VERIFIED,NOT VERIFIED,NOT VERIFIED,NOT VERIFIED,
EquipmentRequestListScreen,src/main/java/com/hearthstead/client/screen/EquipmentRequestListScreen.java,210,"addRenderableWidget(Ui2Frame.closeKey(layout.frame(), this::onClose)); if (restoreRefresh) setFocused(refreshButton); else if (restoreBack) setFocused(backButton); } ",NOT VERIFIED,NOT VERIFIED,NOT VERIFIED,NOT VERIFIED,NOT VERIFIED,NOT VERIFIED,
FishRackScreen,src/main/java/com/hearthstead/client/screen/FishRackScreen.java,57,"addRenderableWidget(Ui2Frame.closeKey(frame, this::onClose)); }  @Override protected void renderBg(GuiGraphics g, float partial, int mouseX, int mouseY) {",NOT VERIFIED,NOT VERIFIED,NOT VERIFIED,NOT VERIFIED,NOT VERIFIED,NOT VERIFIED,
GuardOrderScreen,src/main/java/com/hearthstead/client/screen/GuardOrderScreen.java,208,"addRenderableWidget(Ui2Frame.closeKey(layout.frame(), Component.translatable(""hearthstead.guard.command.back"").append("" (Esc)""), this::returnToParent)); refreshButtonStates(); if (focusedIndex >= 0 && focusedIndex < children().size()) {",NOT VERIFIED,NOT VERIFIED,NOT VERIFIED,NOT VERIFIED,NOT VERIFIED,NOT VERIFIED,
GuardOrderScreen,src/main/java/com/hearthstead/client/screen/GuardOrderScreen.java,220,"int w = Math.min(column.width(), Ui2Button.textWidth(font, label)); HsButton button = Ui2Button.secondary(column.x(), column.y(), w, column.height(), label, () -> send(kind)); // The full label stays readable even if one translation is wider // than its bounded column.",NOT VERIFIED,NOT VERIFIED,NOT VERIFIED,NOT VERIFIED,NOT VERIFIED,NOT VERIFIED,
GuardOrderScreen,src/main/java/com/hearthstead/client/screen/GuardOrderScreen.java,221,"HsButton button = Ui2Button.secondary(column.x(), column.y(), w, column.height(), label, () -> send(kind)); // The full label stays readable even if one translation is wider // than its bounded column. Ui2Tips.tip(button, label);",NOT VERIFIED,NOT VERIFIED,NOT VERIFIED,NOT VERIFIED,NOT VERIFIED,NOT VERIFIED,
GuardOrderScreen,src/main/java/com/hearthstead/client/screen/GuardOrderScreen.java,226,addRenderableWidget(button); return button; }  private void refreshButtonStates() {,NOT VERIFIED,NOT VERIFIED,NOT VERIFIED,NOT VERIFIED,NOT VERIFIED,NOT VERIFIED,
HandbookScreen,src/main/java/com/hearthstead/client/screen/HandbookScreen.java,180,"addRenderableWidget(search); if (focused) setFocused(search);  Rect c = abs(geo.close()); addRenderableWidget(new Ui2WoodKey(c.x(), c.y(), c.width(), c.height(), Component.literal(""×""), this::onClose));",NOT VERIFIED,NOT VERIFIED,NOT VERIFIED,NOT VERIFIED,NOT VERIFIED,NOT VERIFIED,
HandbookScreen,src/main/java/com/hearthstead/client/screen/HandbookScreen.java,184,"addRenderableWidget(new Ui2WoodKey(c.x(), c.y(), c.width(), c.height(), Component.literal(""×""), this::onClose)); Rect p = abs(geo.prev()); HandbookPlateButton prev = new HandbookPlateButton(p.x(), p.y(), p.width(), p.height(), Component.translatable(""hearthstead.guide.ui.back""), false, () -> step(-1)); Rect n = abs(geo.next());",NOT VERIFIED,NOT VERIFIED,NOT VERIFIED,NOT VERIFIED,NOT VERIFIED,NOT VERIFIED,
HandbookScreen,src/main/java/com/hearthstead/client/screen/HandbookScreen.java,186,"HandbookPlateButton prev = new HandbookPlateButton(p.x(), p.y(), p.width(), p.height(), Component.translatable(""hearthstead.guide.ui.back""), false, () -> step(-1)); Rect n = abs(geo.next()); HandbookPlateButton next = new HandbookPlateButton(n.x(), n.y(), n.width(), n.height(), Component.translatable(""hearthstead.guide.ui.next""), true, () -> step(1));",NOT VERIFIED,NOT VERIFIED,NOT VERIFIED,NOT VERIFIED,NOT VERIFIED,NOT VERIFIED,
HandbookScreen,src/main/java/com/hearthstead/client/screen/HandbookScreen.java,189,"HandbookPlateButton next = new HandbookPlateButton(n.x(), n.y(), n.width(), n.height(), Component.translatable(""hearthstead.guide.ui.next""), true, () -> step(1)); Ui2Tips.enable(prev, page != null && page.globalIndex() > 0, null, Component.translatable(""hearthstead.guide.nav.first"")); Ui2Tips.enable(next, page != null && page.globalIndex() < book.pages().size() - 1, null,",NOT VERIFIED,NOT VERIFIED,NOT VERIFIED,NOT VERIFIED,NOT VERIFIED,NOT VERIFIED,
HandbookScreen,src/main/java/com/hearthstead/client/screen/HandbookScreen.java,195,addRenderableWidget(prev); addRenderableWidget(next); computeResults(); buildRail(); relayout();,NOT VERIFIED,NOT VERIFIED,NOT VERIFIED,NOT VERIFIED,NOT VERIFIED,NOT VERIFIED,
HandbookScreen,src/main/java/com/hearthstead/client/screen/HandbookScreen.java,196,addRenderableWidget(next); computeResults(); buildRail(); relayout(); },NOT VERIFIED,NOT VERIFIED,NOT VERIFIED,NOT VERIFIED,NOT VERIFIED,NOT VERIFIED,
HearthScreen,src/main/java/com/hearthstead/client/screen/HearthScreen.java,1000,"Ui2NavButton nav = new Ui2NavButton(leftPos + r.x(), topPos + r.y(), r.width(), r.height(), NAV_LABELS[i], navIcons[i], selected[i], sheet.compactNav(), i == NAV_LABELS.length - 1, i == NAV_LABELS.length - 1, actions[i]); nav.setTooltip(Tooltip.create(sheet.compactNav() ? NAV_LABELS[i].copy().append(""\n"").append(tips[i].copy().withStyle(",NOT VERIFIED,NOT VERIFIED,NOT VERIFIED,NOT VERIFIED,NOT VERIFIED,NOT VERIFIED,
HearthScreen,src/main/java/com/hearthstead/client/screen/HearthScreen.java,1017,addRenderableWidget(close); if (overview) { rebuildOverviewWidgets(); } else if (peopleTabOpen) { rebuildPeopleWidgets();,NOT VERIFIED,NOT VERIFIED,NOT VERIFIED,NOT VERIFIED,NOT VERIFIED,NOT VERIFIED,
HearthScreen,src/main/java/com/hearthstead/client/screen/HearthScreen.java,1057,"HsButton previous = Ui2Button.secondary(mayorPanelLeft + MAYOR_PAD, mayorPanelTop + mayorButtonY, navWidth, HsUiTokens.BUTTON_H, Component.translatable(""hearthstead.mayor.page.previous""), () -> changeMayorPage(-1)); previous.active = mayorPage > 0;",NOT VERIFIED,NOT VERIFIED,NOT VERIFIED,NOT VERIFIED,NOT VERIFIED,NOT VERIFIED,
HearthScreen,src/main/java/com/hearthstead/client/screen/HearthScreen.java,1066,"HsButton next = Ui2Button.secondary(nextX, mayorPanelTop + mayorButtonY, navWidth, HsUiTokens.BUTTON_H, Component.translatable(""hearthstead.mayor.page.next""), () -> changeMayorPage(1)); next.active = mayorPage + 1 < pages;",NOT VERIFIED,NOT VERIFIED,NOT VERIFIED,NOT VERIFIED,NOT VERIFIED,NOT VERIFIED,
HearthScreen,src/main/java/com/hearthstead/client/screen/HearthScreen.java,1091,"HsButton appoint = Ui2Button.banner(appointX, y + 4, appointWidth, HsUiTokens.BUTTON_H, Component.translatable(""hearthstead.mayor.appoint""), () -> appointAction(candidate.id())); appoint.active = canAppoint; // A disabled control always says why (D-014).",NOT VERIFIED,NOT VERIFIED,NOT VERIFIED,NOT VERIFIED,NOT VERIFIED,NOT VERIFIED,
HearthScreen,src/main/java/com/hearthstead/client/screen/HearthScreen.java,1428,"HsButton all = new Ui2RowButton(leftPos + r.x(), topPos + jobRowY(i), r.width(), JOB_ROW_H, Component.literal(""All settlers""), false, this::openPeoplePanel); all.setTooltip(Tooltip.create(Component.literal(""Every resident, on the Settlers page""))); addRenderableWidget(all); break;",NOT VERIFIED,NOT VERIFIED,NOT VERIFIED,NOT VERIFIED,NOT VERIFIED,NOT VERIFIED,
HearthScreen,src/main/java/com/hearthstead/client/screen/HearthScreen.java,1431,"addRenderableWidget(all); break; } JobRow row = jobRows.get(i); HsButton button = new Ui2RowButton(leftPos + r.x(), topPos + jobRowY(i), r.width(), JOB_ROW_H,",NOT VERIFIED,NOT VERIFIED,NOT VERIFIED,NOT VERIFIED,NOT VERIFIED,NOT VERIFIED,
HearthScreen,src/main/java/com/hearthstead/client/screen/HearthScreen.java,1435,"HsButton button = new Ui2RowButton(leftPos + r.x(), topPos + jobRowY(i), r.width(), JOB_ROW_H, row.label(), jobFilter == row.professionId(), () -> toggleJobFilter(row.professionId())); button.setTooltip(Tooltip.create(Component.literal(jobFilter == row.professionId() ? ""Show everyone again"" : ""Highlight them on the map and filter Settlers""))); addRenderableWidget(button);",NOT VERIFIED,NOT VERIFIED,NOT VERIFIED,NOT VERIFIED,NOT VERIFIED,NOT VERIFIED,
HearthScreen,src/main/java/com/hearthstead/client/screen/HearthScreen.java,1439,addRenderableWidget(button); } } if (!needs.isEmpty()) { Need focal = needs.get(0);,NOT VERIFIED,NOT VERIFIED,NOT VERIFIED,NOT VERIFIED,NOT VERIFIED,NOT VERIFIED,
HearthScreen,src/main/java/com/hearthstead/client/screen/HearthScreen.java,1444,"int w = sheet.stacked() ? Math.min(r.width() / 2, Ui2Button.filledWidth(font, focal.action()) + 16) : r.width(); Ui2Button primary = Ui2Button.banner(leftPos + r.right() - w, topPos + r.bottom() - 20, w, 20, focal.action(), focal.run()).withIcon(needIcon(focal.key())); if (focal.key().equals(""beds"")) {",NOT VERIFIED,NOT VERIFIED,NOT VERIFIED,NOT VERIFIED,NOT VERIFIED,NOT VERIFIED,
HearthScreen,src/main/java/com/hearthstead/client/screen/HearthScreen.java,1446,"Ui2Button primary = Ui2Button.banner(leftPos + r.right() - w, topPos + r.bottom() - 20, w, 20, focal.action(), focal.run()).withIcon(needIcon(focal.key())); if (focal.key().equals(""beds"")) { primary.setTooltip(Tooltip.create(Component.literal(menu.get(HearthMenu.DATA_CAPACITY) + "" places to sleep for "" + displayedPopulation(menu.get(HearthMenu.DATA_POPULATION),",NOT VERIFIED,NOT VERIFIED,NOT VERIFIED,NOT VERIFIED,NOT VERIFIED,NOT VERIFIED,
HearthScreen,src/main/java/com/hearthstead/client/screen/HearthScreen.java,1460,addRenderableWidget(primary); } }  /** An item that says what the primary action is about. */,NOT VERIFIED,NOT VERIFIED,NOT VERIFIED,NOT VERIFIED,NOT VERIFIED,NOT VERIFIED,
HearthScreen,src/main/java/com/hearthstead/client/screen/HearthScreen.java,1477,"HsButton clear = Ui2Button.secondary(leftPos + r.right() - 10, topPos + r.y() - 1, 10, 11, Component.literal(""×""), () -> { mapView.clearSelection(); rebuildSeatWidgets(); });",NOT VERIFIED,NOT VERIFIED,NOT VERIFIED,NOT VERIFIED,NOT VERIFIED,NOT VERIFIED,
HearthScreen,src/main/java/com/hearthstead/client/screen/HearthScreen.java,1483,"addRenderableWidget(clear); boolean following = mapView.following(); Component followLabel = Component.literal(following ? ""Following"" : ""Follow""); int fw = Ui2Button.textWidth(font, followLabel); int viewW = sheet.stacked() ? Math.min(92, r.width() / 2) : r.width();",NOT VERIFIED,NOT VERIFIED,NOT VERIFIED,NOT VERIFIED,NOT VERIFIED,NOT VERIFIED,
HearthScreen,src/main/java/com/hearthstead/client/screen/HearthScreen.java,1486,"int fw = Ui2Button.textWidth(font, followLabel); int viewW = sheet.stacked() ? Math.min(92, r.width() / 2) : r.width(); int followY = sheet.stacked() ? r.bottom() - 16 : r.bottom() - 34; int followX = sheet.stacked() ? r.right() - viewW - 8 - fw : r.x(); HsButton follow = Ui2Button.secondary(leftPos + followX, topPos + followY, fw, 12, followLabel, () -> {",NOT VERIFIED,NOT VERIFIED,NOT VERIFIED,NOT VERIFIED,NOT VERIFIED,NOT VERIFIED,
HearthScreen,src/main/java/com/hearthstead/client/screen/HearthScreen.java,1490,"HsButton follow = Ui2Button.secondary(leftPos + followX, topPos + followY, fw, 12, followLabel, () -> { mapView.toggleFollow(); rebuildSeatWidgets(); }); follow.setTooltip(Tooltip.create(Component.literal(following",NOT VERIFIED,NOT VERIFIED,NOT VERIFIED,NOT VERIFIED,NOT VERIFIED,NOT VERIFIED,
HearthScreen,src/main/java/com/hearthstead/client/screen/HearthScreen.java,1497,"addRenderableWidget(follow); if (!sheet.stacked() && RealmMapClient.track(id) != null) { Component center = Component.literal(""Center""); int cw = Ui2Button.textWidth(font, center); HsButton centre = Ui2Button.secondary(leftPos + r.right() - cw, topPos + followY, cw, 12, center,",NOT VERIFIED,NOT VERIFIED,NOT VERIFIED,NOT VERIFIED,NOT VERIFIED,NOT VERIFIED,
HearthScreen,src/main/java/com/hearthstead/client/screen/HearthScreen.java,1500,"int cw = Ui2Button.textWidth(font, center); HsButton centre = Ui2Button.secondary(leftPos + r.right() - cw, topPos + followY, cw, 12, center, () -> mapView.selectSettler(id, true)); centre.setTooltip(Tooltip.create(Component.literal(""Glide the map to them""))); centre.visible = overviewOpen();",NOT VERIFIED,NOT VERIFIED,NOT VERIFIED,NOT VERIFIED,NOT VERIFIED,NOT VERIFIED,
HearthScreen,src/main/java/com/hearthstead/client/screen/HearthScreen.java,1501,"HsButton centre = Ui2Button.secondary(leftPos + r.right() - cw, topPos + followY, cw, 12, center, () -> mapView.selectSettler(id, true)); centre.setTooltip(Tooltip.create(Component.literal(""Glide the map to them""))); centre.visible = overviewOpen(); addRenderableWidget(centre);",NOT VERIFIED,NOT VERIFIED,NOT VERIFIED,NOT VERIFIED,NOT VERIFIED,NOT VERIFIED,
HearthScreen,src/main/java/com/hearthstead/client/screen/HearthScreen.java,1505,"addRenderableWidget(centre); } if (!sheet.stacked() && settlerHasWorkplace(id)) { RealmMapLayoutPayload.BuildingEntry work = mapLayout().buildings().get(RealmMapClient.roster(id).workBuilding()); Component label = HsUi.fitLabel(font, Component.literal(""At "").append(RealmMapView.buildingName(work)),",NOT VERIFIED,NOT VERIFIED,NOT VERIFIED,NOT VERIFIED,NOT VERIFIED,NOT VERIFIED,
HearthScreen,src/main/java/com/hearthstead/client/screen/HearthScreen.java,1511,"int ww = Ui2Button.textWidth(font, label); HsButton jump = Ui2Button.secondary(leftPos + r.x() - 3, topPos + settlerWorkplaceY(r) - 2, ww, 12, label, () -> { if (overviewOpen()) { mapView.selectBuilding(work.id(), true);",NOT VERIFIED,NOT VERIFIED,NOT VERIFIED,NOT VERIFIED,NOT VERIFIED,NOT VERIFIED,
HearthScreen,src/main/java/com/hearthstead/client/screen/HearthScreen.java,1512,"HsButton jump = Ui2Button.secondary(leftPos + r.x() - 3, topPos + settlerWorkplaceY(r) - 2, ww, 12, label, () -> { if (overviewOpen()) { mapView.selectBuilding(work.id(), true); rebuildSeatWidgets();",NOT VERIFIED,NOT VERIFIED,NOT VERIFIED,NOT VERIFIED,NOT VERIFIED,NOT VERIFIED,
HearthScreen,src/main/java/com/hearthstead/client/screen/HearthScreen.java,1522,"addRenderableWidget(jump); } if (sheet.stacked()) { Component summonLabel = summonLabel(id); int sw = Ui2Button.textWidth(font, summonLabel);",NOT VERIFIED,NOT VERIFIED,NOT VERIFIED,NOT VERIFIED,NOT VERIFIED,NOT VERIFIED,
HearthScreen,src/main/java/com/hearthstead/client/screen/HearthScreen.java,1526,"int sw = Ui2Button.textWidth(font, summonLabel); addRenderableWidget(summonButton(leftPos + Math.max(r.x(), followX - sw - 4), topPos + followY, sw, 12, id)); } else { addRenderableWidget(summonButton(leftPos + r.x(), topPos + r.bottom() - 50, r.width(), 13, id)); }",NOT VERIFIED,NOT VERIFIED,NOT VERIFIED,NOT VERIFIED,NOT VERIFIED,NOT VERIFIED,
HearthScreen,src/main/java/com/hearthstead/client/screen/HearthScreen.java,1527,"addRenderableWidget(summonButton(leftPos + Math.max(r.x(), followX - sw - 4), topPos + followY, sw, 12, id)); } else { addRenderableWidget(summonButton(leftPos + r.x(), topPos + r.bottom() - 50, r.width(), 13, id)); } cardInspectable = canInspectSettler(id);",NOT VERIFIED,NOT VERIFIED,NOT VERIFIED,NOT VERIFIED,NOT VERIFIED,NOT VERIFIED,
HearthScreen,src/main/java/com/hearthstead/client/screen/HearthScreen.java,1529,"addRenderableWidget(summonButton(leftPos + r.x(), topPos + r.bottom() - 50, r.width(), 13, id)); } cardInspectable = canInspectSettler(id); HsButton view = Ui2Button.banner(leftPos + r.right() - viewW, topPos + r.bottom() - 20, viewW, 20, Component.literal(""View Settler""), () -> viewSettler(id));",NOT VERIFIED,NOT VERIFIED,NOT VERIFIED,NOT VERIFIED,NOT VERIFIED,NOT VERIFIED,
HearthScreen,src/main/java/com/hearthstead/client/screen/HearthScreen.java,1532,"HsButton view = Ui2Button.banner(leftPos + r.right() - viewW, topPos + r.bottom() - 20, viewW, 20, Component.literal(""View Settler""), () -> viewSettler(id)); view.active = cardInspectable; view.setTooltip(Tooltip.create(Component.literal(cardInspectable ? ""Open their full settler sheet""",NOT VERIFIED,NOT VERIFIED,NOT VERIFIED,NOT VERIFIED,NOT VERIFIED,NOT VERIFIED,
HearthScreen,src/main/java/com/hearthstead/client/screen/HearthScreen.java,1539,addRenderableWidget(view); }  // ------------------------------------------------------------ summon --- ,NOT VERIFIED,NOT VERIFIED,NOT VERIFIED,NOT VERIFIED,NOT VERIFIED,NOT VERIFIED,
HearthScreen,src/main/java/com/hearthstead/client/screen/HearthScreen.java,1569,"HsButton button = Ui2Button.secondary(x, y, w, h, summonLabel(id), () -> { com.hearthstead.client.command.SummonClient.request(entityId, id); summonCheckMs = 0L; }); button.active = arrived == null && reason.isEmpty();",NOT VERIFIED,NOT VERIFIED,NOT VERIFIED,NOT VERIFIED,NOT VERIFIED,NOT VERIFIED,
HearthScreen,src/main/java/com/hearthstead/client/screen/HearthScreen.java,1595,"HsButton clear = Ui2Button.secondary(leftPos + r.right() - 10, topPos + r.y() - 1, 10, 11, Component.literal(""×""), () -> { if (buildingsPageOpen) { selectedBuildingId = null; } else {",NOT VERIFIED,NOT VERIFIED,NOT VERIFIED,NOT VERIFIED,NOT VERIFIED,NOT VERIFIED,
HearthScreen,src/main/java/com/hearthstead/client/screen/HearthScreen.java,1605,addRenderableWidget(clear); RealmMapLayoutPayload layout = mapLayout(); RealmMapLayoutPayload.BuildingEntry b = RealmMapView.building(id); if (layout == null || b == null) return; int index = layout.buildings().indexOf(b);,NOT VERIFIED,NOT VERIFIED,NOT VERIFIED,NOT VERIFIED,NOT VERIFIED,NOT VERIFIED,
HearthScreen,src/main/java/com/hearthstead/client/screen/HearthScreen.java,1615,"HsButton row = new Ui2RowButton(leftPos + r.x(), topPos + y, r.width(), 12, Component.literal(worker.name()), false, () -> showSettlerOnMap(worker.id())); row.setTooltip(Tooltip.create(Component.literal(""Select "" + worker.name() + "" on the map""))); addRenderableWidget(row); y += 12;",NOT VERIFIED,NOT VERIFIED,NOT VERIFIED,NOT VERIFIED,NOT VERIFIED,NOT VERIFIED,
HearthScreen,src/main/java/com/hearthstead/client/screen/HearthScreen.java,1618,"addRenderableWidget(row); y += 12; } if (showOnMap) { Ui2Button show = Ui2Button.banner(leftPos + r.x(), topPos + r.bottom() - 20, r.width(), 20,",NOT VERIFIED,NOT VERIFIED,NOT VERIFIED,NOT VERIFIED,NOT VERIFIED,NOT VERIFIED,
HearthScreen,src/main/java/com/hearthstead/client/screen/HearthScreen.java,1622,"Ui2Button show = Ui2Button.banner(leftPos + r.x(), topPos + r.bottom() - 20, r.width(), 20, Component.literal(""Show on map""), () -> showBuildingOnMap(id)).withIcon(new ItemStack(Items.FILLED_MAP)); addRenderableWidget(show); } }",NOT VERIFIED,NOT VERIFIED,NOT VERIFIED,NOT VERIFIED,NOT VERIFIED,NOT VERIFIED,
HearthScreen,src/main/java/com/hearthstead/client/screen/HearthScreen.java,1624,addRenderableWidget(show); } }  static final int BUILDING_WORKERS_TOP = 56;,NOT VERIFIED,NOT VERIFIED,NOT VERIFIED,NOT VERIFIED,NOT VERIFIED,NOT VERIFIED,
HearthScreen,src/main/java/com/hearthstead/client/screen/HearthScreen.java,1646,"HsButton button = new Ui2RowButton(leftPos + c.x() + 1, topPos + c.y() + TABLE_TOP + row * BUILDING_ROW_H, c.width() - 6, BUILDING_ROW_H, RealmMapView.buildingName(b), b.id().equals(selectedBuildingId), () -> { selectedBuildingId = b.id(); rebuildSeatWidgets(); });",NOT VERIFIED,NOT VERIFIED,NOT VERIFIED,NOT VERIFIED,NOT VERIFIED,NOT VERIFIED,
HearthScreen,src/main/java/com/hearthstead/client/screen/HearthScreen.java,1651,"addRenderableWidget(button); } if (selectedBuildingId != null && RealmMapView.building(selectedBuildingId) != null) { addBuildingCardWidgets(sheet.right(), selectedBuildingId, true); }",NOT VERIFIED,NOT VERIFIED,NOT VERIFIED,NOT VERIFIED,NOT VERIFIED,NOT VERIFIED,
HearthScreen,src/main/java/com/hearthstead/client/screen/HearthScreen.java,1661,"int sw = Ui2Button.textWidth(font, stores) + 8; HsButton open = Ui2Button.secondary(leftPos + wide.right() - sw, topPos + wide.y() - 1, sw, 11, stores, () -> { QaClientObserver.markUiTransition(""hearth_stores_open""); PacketDistributor.sendToServer(new StorageRequestPayload()); });",NOT VERIFIED,NOT VERIFIED,NOT VERIFIED,NOT VERIFIED,NOT VERIFIED,NOT VERIFIED,
HearthScreen,src/main/java/com/hearthstead/client/screen/HearthScreen.java,1662,"HsButton open = Ui2Button.secondary(leftPos + wide.right() - sw, topPos + wide.y() - 1, sw, 11, stores, () -> { QaClientObserver.markUiTransition(""hearth_stores_open""); PacketDistributor.sendToServer(new StorageRequestPayload()); }); open.setTooltip(Tooltip.create(Component.literal(""View settlement-wide stored items (opens a window)"")));",NOT VERIFIED,NOT VERIFIED,NOT VERIFIED,NOT VERIFIED,NOT VERIFIED,NOT VERIFIED,
HearthScreen,src/main/java/com/hearthstead/client/screen/HearthScreen.java,1667,"addRenderableWidget(open); Component filter = Component.literal(supplyCategory.displayName()); int fw = Ui2Button.textWidth(font, filter); HsButton cycle = Ui2Button.secondary(leftPos + sheet.communalGrid().right() - fw, topPos + wide.y() - 1, fw, 11, filter, () -> {",NOT VERIFIED,NOT VERIFIED,NOT VERIFIED,NOT VERIFIED,NOT VERIFIED,NOT VERIFIED,
HearthScreen,src/main/java/com/hearthstead/client/screen/HearthScreen.java,1669,"int fw = Ui2Button.textWidth(font, filter); HsButton cycle = Ui2Button.secondary(leftPos + sheet.communalGrid().right() - fw, topPos + wide.y() - 1, fw, 11, filter, () -> { HearthSupplyCategory[] all = HearthSupplyCategory.values(); selectSupplyCategory(all[(supplyCategory.ordinal() + 1) % all.length]);",NOT VERIFIED,NOT VERIFIED,NOT VERIFIED,NOT VERIFIED,NOT VERIFIED,NOT VERIFIED,
HearthScreen,src/main/java/com/hearthstead/client/screen/HearthScreen.java,1670,"HsButton cycle = Ui2Button.secondary(leftPos + sheet.communalGrid().right() - fw, topPos + wide.y() - 1, fw, 11, filter, () -> { HearthSupplyCategory[] all = HearthSupplyCategory.values(); selectSupplyCategory(all[(supplyCategory.ordinal() + 1) % all.length]); });",NOT VERIFIED,NOT VERIFIED,NOT VERIFIED,NOT VERIFIED,NOT VERIFIED,NOT VERIFIED,
HearthScreen,src/main/java/com/hearthstead/client/screen/HearthScreen.java,1677,addRenderableWidget(cycle); }  // -------------------------------------------------------- card models --- ,NOT VERIFIED,NOT VERIFIED,NOT VERIFIED,NOT VERIFIED,NOT VERIFIED,NOT VERIFIED,
HearthScreen,src/main/java/com/hearthstead/client/screen/HearthScreen.java,1851,"int findW = Ui2Button.textWidth(font, findLabel); peopleSearchBox = new EditBox(font, leftPos + list.x() + 5, topPos + list.y() + 3, Math.max(40, list.width() - findW - 20), 10, Component.literal(""Search residents"")); peopleSearchBox.setBordered(false); peopleSearchBox.setMaxLength(32);",NOT VERIFIED,NOT VERIFIED,NOT VERIFIED,NOT VERIFIED,NOT VERIFIED,NOT VERIFIED,
HearthScreen,src/main/java/com/hearthstead/client/screen/HearthScreen.java,1861,"addRenderableWidget(peopleSearchBox); if (searchFocused) setFocused(peopleSearchBox); HsButton search = Ui2Button.secondary(leftPos + list.right() - findW - 3, topPos + list.y() + 1, findW, 11, findLabel, () -> { appliedPeopleSearch = peopleSearchBox.getValue().trim();",NOT VERIFIED,NOT VERIFIED,NOT VERIFIED,NOT VERIFIED,NOT VERIFIED,NOT VERIFIED,
HearthScreen,src/main/java/com/hearthstead/client/screen/HearthScreen.java,1863,"HsButton search = Ui2Button.secondary(leftPos + list.right() - findW - 3, topPos + list.y() + 1, findW, 11, findLabel, () -> { appliedPeopleSearch = peopleSearchBox.getValue().trim(); peopleScroll = 0; peopleRenderSnapshot = null;",NOT VERIFIED,NOT VERIFIED,NOT VERIFIED,NOT VERIFIED,NOT VERIFIED,NOT VERIFIED,
HearthScreen,src/main/java/com/hearthstead/client/screen/HearthScreen.java,1870,"addRenderableWidget(search);  int visible = peopleVisibleRows(); peopleScroll = Mth.clamp(peopleScroll, 0, Math.max(0, cachedPeopleRows.size() - visible));",NOT VERIFIED,NOT VERIFIED,NOT VERIFIED,NOT VERIFIED,NOT VERIFIED,NOT VERIFIED,
HearthScreen,src/main/java/com/hearthstead/client/screen/HearthScreen.java,1884,"addRenderableWidget(new Ui2RowButton(leftPos + list.x() + 1, rowY, list.width() - 6, PEOPLE_ROW_H, person.listName(), person.id().equals(selectedResidentId), () -> { selectedResidentId = person.id(); rebuildSeatWidgets();",NOT VERIFIED,NOT VERIFIED,NOT VERIFIED,NOT VERIFIED,NOT VERIFIED,NOT VERIFIED,
HearthScreen,src/main/java/com/hearthstead/client/screen/HearthScreen.java,1893,"HsButton view = Ui2Button.banner(leftPos + detail.right() - viewW, topPos + detail.bottom() - 18, viewW, 18, Component.literal(""View Settler""), this::viewSelectedSettler); boolean canInspect = canInspectResident(selected); peopleViewInspectable = canInspect; view.active = canInspect;",NOT VERIFIED,NOT VERIFIED,NOT VERIFIED,NOT VERIFIED,NOT VERIFIED,NOT VERIFIED,
HearthScreen,src/main/java/com/hearthstead/client/screen/HearthScreen.java,1905,"addRenderableWidget(view); if (jobFilter >= 0) { Component chip = Component.literal(""Only "" + Profession.byId(jobFilter).displayName().getString() + ""  \u00d7""); int cw = Ui2Button.textWidth(font, chip);",NOT VERIFIED,NOT VERIFIED,NOT VERIFIED,NOT VERIFIED,NOT VERIFIED,NOT VERIFIED,
HearthScreen,src/main/java/com/hearthstead/client/screen/HearthScreen.java,1909,"int cw = Ui2Button.textWidth(font, chip); HsButton clearFilter = Ui2Button.secondary(leftPos + list.right() - cw - 4, topPos + list.y() + PEOPLE_ROWS_TOP - 12, cw, 11, chip, () -> toggleJobFilter(jobFilter)); clearFilter.setTooltip(Tooltip.create(Component.literal(""Show every resident again""))); addRenderableWidget(clearFilter);",NOT VERIFIED,NOT VERIFIED,NOT VERIFIED,NOT VERIFIED,NOT VERIFIED,NOT VERIFIED,
HearthScreen,src/main/java/com/hearthstead/client/screen/HearthScreen.java,1910,"HsButton clearFilter = Ui2Button.secondary(leftPos + list.right() - cw - 4, topPos + list.y() + PEOPLE_ROWS_TOP - 12, cw, 11, chip, () -> toggleJobFilter(jobFilter)); clearFilter.setTooltip(Tooltip.create(Component.literal(""Show every resident again""))); addRenderableWidget(clearFilter); peopleRangeLine = fittedEmpty();",NOT VERIFIED,NOT VERIFIED,NOT VERIFIED,NOT VERIFIED,NOT VERIFIED,NOT VERIFIED,
HearthScreen,src/main/java/com/hearthstead/client/screen/HearthScreen.java,1913,"addRenderableWidget(clearFilter); peopleRangeLine = fittedEmpty(); } if (selected != null && RealmMapClient.track(selected.id()) != null && !sheet.stacked()) { Component mapLabel = Component.literal(""Show on map"");",NOT VERIFIED,NOT VERIFIED,NOT VERIFIED,NOT VERIFIED,NOT VERIFIED,NOT VERIFIED,
HearthScreen,src/main/java/com/hearthstead/client/screen/HearthScreen.java,1918,"int mw = Ui2Button.textWidth(font, mapLabel); HsButton onMap = Ui2Button.secondary(leftPos + detail.x(), topPos + detail.bottom() - 70, mw, 12, mapLabel, () -> showSettlerOnMap(selected.id())); addRenderableWidget(onMap); }",NOT VERIFIED,NOT VERIFIED,NOT VERIFIED,NOT VERIFIED,NOT VERIFIED,NOT VERIFIED,
HearthScreen,src/main/java/com/hearthstead/client/screen/HearthScreen.java,1919,"HsButton onMap = Ui2Button.secondary(leftPos + detail.x(), topPos + detail.bottom() - 70, mw, 12, mapLabel, () -> showSettlerOnMap(selected.id())); addRenderableWidget(onMap); } if (selected != null && !sheet.stacked()) {",NOT VERIFIED,NOT VERIFIED,NOT VERIFIED,NOT VERIFIED,NOT VERIFIED,NOT VERIFIED,
HearthScreen,src/main/java/com/hearthstead/client/screen/HearthScreen.java,1921,"addRenderableWidget(onMap); } if (selected != null && !sheet.stacked()) { Component summonLabel = summonLabel(selected.id()); int sw = Ui2Button.textWidth(font, summonLabel);",NOT VERIFIED,NOT VERIFIED,NOT VERIFIED,NOT VERIFIED,NOT VERIFIED,NOT VERIFIED,
HearthScreen,src/main/java/com/hearthstead/client/screen/HearthScreen.java,1925,"int sw = Ui2Button.textWidth(font, summonLabel); addRenderableWidget(summonButton(leftPos + detail.x(), topPos + detail.bottom() - 86, sw, 12, selected.id())); } if (sheet.stacked()) {",NOT VERIFIED,NOT VERIFIED,NOT VERIFIED,NOT VERIFIED,NOT VERIFIED,NOT VERIFIED,
HearthScreen,src/main/java/com/hearthstead/client/screen/HearthScreen.java,1926,"addRenderableWidget(summonButton(leftPos + detail.x(), topPos + detail.bottom() - 86, sw, 12, selected.id())); } if (sheet.stacked()) { addStackedOfficeButtons(detail, viewW);",NOT VERIFIED,NOT VERIFIED,NOT VERIFIED,NOT VERIFIED,NOT VERIFIED,NOT VERIFIED,
HearthScreen,src/main/java/com/hearthstead/client/screen/HearthScreen.java,1934,"int mayorW = Ui2Button.textWidth(font, mayorLabel); HsButton mayor = Ui2Button.secondary(leftPos + detail.right() - mayorW, topPos + detail.bottom() - 47, mayorW, 12, mayorLabel, () -> { peopleTabOpen = false; mayorTabOpen = true; requestMayorData(); rebuildSeatWidgets(); });",NOT VERIFIED,NOT VERIFIED,NOT VERIFIED,NOT VERIFIED,NOT VERIFIED,NOT VERIFIED,
HearthScreen,src/main/java/com/hearthstead/client/screen/HearthScreen.java,1935,"HsButton mayor = Ui2Button.secondary(leftPos + detail.right() - mayorW, topPos + detail.bottom() - 47, mayorW, 12, mayorLabel, () -> { peopleTabOpen = false; mayorTabOpen = true; requestMayorData(); rebuildSeatWidgets(); }); mayor.setTooltip(Tooltip.create(Component.literal(""Choose who leads the settlement as Mayor"")));",NOT VERIFIED,NOT VERIFIED,NOT VERIFIED,NOT VERIFIED,NOT VERIFIED,NOT VERIFIED,
HearthScreen,src/main/java/com/hearthstead/client/screen/HearthScreen.java,1940,"addRenderableWidget(mayor); if (cachedRecruitmentCard.present()) { Component travelerLabel = Component.literal(""Review""); int travelerW = Ui2Button.textWidth(font, travelerLabel); HsButton traveler = Ui2Button.secondary(leftPos + detail.right() - travelerW,",NOT VERIFIED,NOT VERIFIED,NOT VERIFIED,NOT VERIFIED,NOT VERIFIED,NOT VERIFIED,
HearthScreen,src/main/java/com/hearthstead/client/screen/HearthScreen.java,1943,"int travelerW = Ui2Button.textWidth(font, travelerLabel); HsButton traveler = Ui2Button.secondary(leftPos + detail.right() - travelerW, topPos + detail.bottom() - 34, travelerW, 12, travelerLabel, () -> { peopleTabOpen = false; recruitmentPanelOpen = true; rebuildSeatWidgets(); });",NOT VERIFIED,NOT VERIFIED,NOT VERIFIED,NOT VERIFIED,NOT VERIFIED,NOT VERIFIED,
HearthScreen,src/main/java/com/hearthstead/client/screen/HearthScreen.java,1944,"HsButton traveler = Ui2Button.secondary(leftPos + detail.right() - travelerW, topPos + detail.bottom() - 34, travelerW, 12, travelerLabel, () -> { peopleTabOpen = false; recruitmentPanelOpen = true; rebuildSeatWidgets(); }); traveler.setTooltip(Tooltip.create(Component.literal(cachedRecruitmentCard.name() + "" waits at the tavern"")));",NOT VERIFIED,NOT VERIFIED,NOT VERIFIED,NOT VERIFIED,NOT VERIFIED,NOT VERIFIED,
HearthScreen,src/main/java/com/hearthstead/client/screen/HearthScreen.java,1949,"addRenderableWidget(traveler); } }  /** Stacked layout: ""Mayor"" and ""Traveler"" share the bottom strip left of View Settler. */",NOT VERIFIED,NOT VERIFIED,NOT VERIFIED,NOT VERIFIED,NOT VERIFIED,NOT VERIFIED,
HearthScreen,src/main/java/com/hearthstead/client/screen/HearthScreen.java,1959,"int mayorW = Ui2Button.textWidth(font, mayorLabel); if (x + mayorW <= limit) { HsButton mayor = Ui2Button.secondary(leftPos + x, topPos + y, mayorW, 12, mayorLabel, () -> { peopleTabOpen = false; mayorTabOpen = true; requestMayorData(); rebuildSeatWidgets(); });",NOT VERIFIED,NOT VERIFIED,NOT VERIFIED,NOT VERIFIED,NOT VERIFIED,NOT VERIFIED,
HearthScreen,src/main/java/com/hearthstead/client/screen/HearthScreen.java,1961,"HsButton mayor = Ui2Button.secondary(leftPos + x, topPos + y, mayorW, 12, mayorLabel, () -> { peopleTabOpen = false; mayorTabOpen = true; requestMayorData(); rebuildSeatWidgets(); }); mayor.setTooltip(Tooltip.create(Component.literal(""Choose who leads the settlement as Mayor""))); addRenderableWidget(mayor);",NOT VERIFIED,NOT VERIFIED,NOT VERIFIED,NOT VERIFIED,NOT VERIFIED,NOT VERIFIED,
HearthScreen,src/main/java/com/hearthstead/client/screen/HearthScreen.java,1965,"addRenderableWidget(mayor); x += mayorW + 4; } if (cachedRecruitmentCard.present()) { Component travelerLabel = Component.literal(""Review"");",NOT VERIFIED,NOT VERIFIED,NOT VERIFIED,NOT VERIFIED,NOT VERIFIED,NOT VERIFIED,
HearthScreen,src/main/java/com/hearthstead/client/screen/HearthScreen.java,1970,"int travelerW = Ui2Button.textWidth(font, travelerLabel); if (x + travelerW <= limit) { HsButton traveler = Ui2Button.secondary(leftPos + x, topPos + y, travelerW, 12, travelerLabel, () -> { peopleTabOpen = false; recruitmentPanelOpen = true; rebuildSeatWidgets(); });",NOT VERIFIED,NOT VERIFIED,NOT VERIFIED,NOT VERIFIED,NOT VERIFIED,NOT VERIFIED,
HearthScreen,src/main/java/com/hearthstead/client/screen/HearthScreen.java,1972,"HsButton traveler = Ui2Button.secondary(leftPos + x, topPos + y, travelerW, 12, travelerLabel, () -> { peopleTabOpen = false; recruitmentPanelOpen = true; rebuildSeatWidgets(); }); traveler.setTooltip(Tooltip.create(Component.literal(cachedRecruitmentCard.name() + "" waits at the tavern -- review them"")));",NOT VERIFIED,NOT VERIFIED,NOT VERIFIED,NOT VERIFIED,NOT VERIFIED,NOT VERIFIED,
HearthScreen,src/main/java/com/hearthstead/client/screen/HearthScreen.java,1977,addRenderableWidget(traveler); } } } ,NOT VERIFIED,NOT VERIFIED,NOT VERIFIED,NOT VERIFIED,NOT VERIFIED,NOT VERIFIED,
HearthScreen,src/main/java/com/hearthstead/client/screen/HearthScreen.java,2106,"HsButton admit = Ui2Button.banner( recruitmentPanelLeft + RECRUIT_PANEL_PAD, recruitmentPanelTop + RECRUIT_PANEL_H - 30, RECRUIT_ACTION_W, HsUiTokens.BUTTON_H, Component.translatable(""hearthstead.recruit.card.admit""),",NOT VERIFIED,NOT VERIFIED,NOT VERIFIED,NOT VERIFIED,NOT VERIFIED,NOT VERIFIED,
HearthScreen,src/main/java/com/hearthstead/client/screen/HearthScreen.java,2120,"HsButton dismiss = Ui2Button.danger( recruitmentPanelLeft + RECRUIT_PANEL_W - RECRUIT_PANEL_PAD - RECRUIT_ACTION_W, recruitmentPanelTop + RECRUIT_PANEL_H - 30, RECRUIT_ACTION_W, HsUiTokens.BUTTON_H,",NOT VERIFIED,NOT VERIFIED,NOT VERIFIED,NOT VERIFIED,NOT VERIFIED,NOT VERIFIED,
HearthScreen,src/main/java/com/hearthstead/client/screen/HearthScreen.java,2151,"int refreshW = Ui2Button.textWidth(font, refreshLabel); HsButton refresh = Ui2Button.secondary(leftPos + list.right() - refreshW - 3, topPos + list.y() + 1, refreshW, 11, refreshLabel, this::refreshRequestLedger); refresh.active = !requestLoading; addRenderableWidget(refresh);",NOT VERIFIED,NOT VERIFIED,NOT VERIFIED,NOT VERIFIED,NOT VERIFIED,NOT VERIFIED,
HearthScreen,src/main/java/com/hearthstead/client/screen/HearthScreen.java,2152,"HsButton refresh = Ui2Button.secondary(leftPos + list.right() - refreshW - 3, topPos + list.y() + 1, refreshW, 11, refreshLabel, this::refreshRequestLedger); refresh.active = !requestLoading; addRenderableWidget(refresh); for (int row = 0; row < rows && row + requestScroll < cachedTaskRows.size(); row++) {",NOT VERIFIED,NOT VERIFIED,NOT VERIFIED,NOT VERIFIED,NOT VERIFIED,NOT VERIFIED,
HearthScreen,src/main/java/com/hearthstead/client/screen/HearthScreen.java,2155,"addRenderableWidget(refresh); for (int row = 0; row < rows && row + requestScroll < cachedTaskRows.size(); row++) { int index = row + requestScroll; TaskPageRow request = cachedTaskRows.get(index); addRenderableWidget(new Ui2RowButton(leftPos + list.x() + 1,",NOT VERIFIED,NOT VERIFIED,NOT VERIFIED,NOT VERIFIED,NOT VERIFIED,NOT VERIFIED,
HearthScreen,src/main/java/com/hearthstead/client/screen/HearthScreen.java,2159,"addRenderableWidget(new Ui2RowButton(leftPos + list.x() + 1, topPos + list.y() + TASK_ROWS_TOP + row * TASK_ROW_H, list.width() - 6, TASK_ROW_H, request.list(), index == selectedRequestIndex, () -> { selectedRequestIndex = index; taskDetailScroll = 0;",NOT VERIFIED,NOT VERIFIED,NOT VERIFIED,NOT VERIFIED,NOT VERIFIED,NOT VERIFIED,
HearthScreen,src/main/java/com/hearthstead/client/screen/HearthScreen.java,2244,"HsButton check = Ui2Button.banner( journeyPanelLeft + (journeyPanelWidth - JOURNEY_BUTTON_W) / 2, journeyPanelTop + journeyButtonY, JOURNEY_BUTTON_W, HsUiTokens.BUTTON_H, Component.translatable(""hearthstead.raid.readiness.check""),",NOT VERIFIED,NOT VERIFIED,NOT VERIFIED,NOT VERIFIED,NOT VERIFIED,NOT VERIFIED,
HearthScreen,src/main/java/com/hearthstead/client/screen/HearthScreen.java,2260,"HsButton skip = Ui2Button.danger( journeyPanelLeft + (journeyPanelWidth - JOURNEY_BUTTON_W) / 2, journeyPanelTop + journeyButtonY, JOURNEY_BUTTON_W, HsUiTokens.BUTTON_H, Component.translatable(""hearthstead.journey.skip""), () -> {",NOT VERIFIED,NOT VERIFIED,NOT VERIFIED,NOT VERIFIED,NOT VERIFIED,NOT VERIFIED,
HearthScreen,src/main/java/com/hearthstead/client/screen/HearthScreen.java,2276,"HsButton cancel = Ui2Button.secondary(journeyPanelLeft + JOURNEY_PAD, journeyPanelTop + journeyButtonY, half, HsUiTokens.BUTTON_H, Component.translatable(""gui.cancel""), () -> { QaClientObserver.markUiTransition(""hearth_journey_confirm_cancel""); journeySkipConfirm = false;",NOT VERIFIED,NOT VERIFIED,NOT VERIFIED,NOT VERIFIED,NOT VERIFIED,NOT VERIFIED,
HearthScreen,src/main/java/com/hearthstead/client/screen/HearthScreen.java,2283,"HsButton confirm = Ui2Button.danger( journeyPanelLeft + JOURNEY_PAD + half + JOURNEY_GAP, journeyPanelTop + journeyButtonY, half, HsUiTokens.BUTTON_H, Component.translatable(""hearthstead.journey.skip.confirm""), this::confirmJourneySkip);",NOT VERIFIED,NOT VERIFIED,NOT VERIFIED,NOT VERIFIED,NOT VERIFIED,NOT VERIFIED,
HearthScreen,src/main/java/com/hearthstead/client/screen/HearthScreen.java,2302,"HsButton refresh = Ui2Button.secondary(journeyPanelLeft + JOURNEY_PAD, journeyPanelTop + journeyButtonY, half, HsUiTokens.BUTTON_H, Component.translatable(""hearthstead.raid.readiness.refresh""), this::openRaidReadiness); HsButton declare = Ui2Button.banner(",NOT VERIFIED,NOT VERIFIED,NOT VERIFIED,NOT VERIFIED,NOT VERIFIED,NOT VERIFIED,
HearthScreen,src/main/java/com/hearthstead/client/screen/HearthScreen.java,2306,"HsButton declare = Ui2Button.banner( journeyPanelLeft + JOURNEY_PAD + half + JOURNEY_GAP, journeyPanelTop + journeyButtonY, half, HsUiTokens.BUTTON_H, Component.translatable(""hearthstead.raid.readiness.declare""), this::confirmRaidReadiness);",NOT VERIFIED,NOT VERIFIED,NOT VERIFIED,NOT VERIFIED,NOT VERIFIED,NOT VERIFIED,
HearthScreen,src/main/java/com/hearthstead/client/screen/HearthScreen.java,2368,"addRenderableWidget(tab); }  private void suppressCoveredTabs(int panelLeft, int panelTop, int panelWidth, int panelHeight) {",NOT VERIFIED,NOT VERIFIED,NOT VERIFIED,NOT VERIFIED,NOT VERIFIED,NOT VERIFIED,
PlaqueScreen,src/main/java/com/hearthstead/client/screen/PlaqueScreen.java,278,"addRenderableWidget(new Ui2Tabs.Tab(xs[i], tabRow.y(), w, labels[i], which == tab, false, () -> { QaClientObserver.markUiTransition(""plaque_tab_"" + which.key); tab = which; scroll = 0; rebuild();",NOT VERIFIED,NOT VERIFIED,NOT VERIFIED,NOT VERIFIED,NOT VERIFIED,NOT VERIFIED,
PlaqueScreen,src/main/java/com/hearthstead/client/screen/PlaqueScreen.java,301,"Ui2Button checkRoom = Ui2Button.banner(refresh.x(), refresh.y(), refresh.width(), refresh.height(), Component.translatable(""hearthstead.plaque.refresh""), () -> act(PlaqueAction.Kind.REFRESH, new UUID(0, 0))); Ui2Tips.tip(checkRoom, Component.translatable(""hearthstead.plaque.refresh.tip"")); addRenderableWidget(checkRoom);",NOT VERIFIED,NOT VERIFIED,NOT VERIFIED,NOT VERIFIED,NOT VERIFIED,NOT VERIFIED,
PlaqueScreen,src/main/java/com/hearthstead/client/screen/PlaqueScreen.java,305,"addRenderableWidget(checkRoom); addRenderableWidget(Ui2Frame.closeKey(layout.frame(), this::onClose)); }  private void buildPeople() {",NOT VERIFIED,NOT VERIFIED,NOT VERIFIED,NOT VERIFIED,NOT VERIFIED,NOT VERIFIED,
PlaqueScreen,src/main/java/com/hearthstead/client/screen/PlaqueScreen.java,306,"addRenderableWidget(Ui2Frame.closeKey(layout.frame(), this::onClose)); }  private void buildPeople() { List<PlaqueSnapshot.Occupant> people = snapshot.occupants();",NOT VERIFIED,NOT VERIFIED,NOT VERIFIED,NOT VERIFIED,NOT VERIFIED,NOT VERIFIED,
PlaqueScreen,src/main/java/com/hearthstead/client/screen/PlaqueScreen.java,329,"Ui2Button summon = Ui2Button.secondary(s.x(), s.y(), s.width(), s.height(), Component.translatable(""hearthstead.plaque.summon""), () -> act(PlaqueAction.Kind.SUMMON, occupant.id())); gate(summon, may, Component.translatable(""hearthstead.plaque.summon.tip"", occupant.name()), why); addRenderableWidget(summon);",NOT VERIFIED,NOT VERIFIED,NOT VERIFIED,NOT VERIFIED,NOT VERIFIED,NOT VERIFIED,
PlaqueScreen,src/main/java/com/hearthstead/client/screen/PlaqueScreen.java,333,"addRenderableWidget(summon); Rect f = layout.fire(row); Ui2Button fire = Ui2Button.danger(f.x(), f.y(), f.width(), f.height(), Component.translatable(""hearthstead.plaque.fire""), () -> act(PlaqueAction.Kind.FIRE, occupant.id()));",NOT VERIFIED,NOT VERIFIED,NOT VERIFIED,NOT VERIFIED,NOT VERIFIED,NOT VERIFIED,
PlaqueScreen,src/main/java/com/hearthstead/client/screen/PlaqueScreen.java,335,"Ui2Button fire = Ui2Button.danger(f.x(), f.y(), f.width(), f.height(), Component.translatable(""hearthstead.plaque.fire""), () -> act(PlaqueAction.Kind.FIRE, occupant.id())); gate(fire, may, Component.translatable(""hearthstead.plaque.fire.tip"", occupant.name()), !snapshot.mayManage() ? why",NOT VERIFIED,NOT VERIFIED,NOT VERIFIED,NOT VERIFIED,NOT VERIFIED,NOT VERIFIED,
PlaqueScreen,src/main/java/com/hearthstead/client/screen/PlaqueScreen.java,341,"addRenderableWidget(fire); continue; } Rect d = layout.dismiss(row); Ui2Button dismiss = Ui2Button.danger(d.x(), d.y(), d.width(), d.height(),",NOT VERIFIED,NOT VERIFIED,NOT VERIFIED,NOT VERIFIED,NOT VERIFIED,NOT VERIFIED,
PlaqueScreen,src/main/java/com/hearthstead/client/screen/PlaqueScreen.java,345,"Ui2Button dismiss = Ui2Button.danger(d.x(), d.y(), d.width(), d.height(), Component.translatable(""hearthstead.employ.dismiss""), () -> act(PlaqueAction.Kind.EVICT, occupant.id())); gate(dismiss, snapshot.mayManage(), Component.translatable(""hearthstead.plaque.evict.tip"", occupant.name()),",NOT VERIFIED,NOT VERIFIED,NOT VERIFIED,NOT VERIFIED,NOT VERIFIED,NOT VERIFIED,
PlaqueScreen,src/main/java/com/hearthstead/client/screen/PlaqueScreen.java,351,addRenderableWidget(dismiss); } }  private void buildHire() {,NOT VERIFIED,NOT VERIFIED,NOT VERIFIED,NOT VERIFIED,NOT VERIFIED,NOT VERIFIED,
PlaqueScreen,src/main/java/com/hearthstead/client/screen/PlaqueScreen.java,364,"Ui2Button hire = Ui2Button.secondary(h.x(), h.y(), h.width(), h.height(), Component.translatable(""hearthstead.employ.hire""), () -> act(PlaqueAction.Kind.ASSIGN, candidate.id())); // A disabled control always says why (D-014). gate(hire, eligible && snapshot.mayManage(),",NOT VERIFIED,NOT VERIFIED,NOT VERIFIED,NOT VERIFIED,NOT VERIFIED,NOT VERIFIED,
PlaqueScreen,src/main/java/com/hearthstead/client/screen/PlaqueScreen.java,372,addRenderableWidget(hire); } }  /** Keeps the action's own tooltip; a disabled action adds the grey reason under it (padlock drawn by the kit). */,NOT VERIFIED,NOT VERIFIED,NOT VERIFIED,NOT VERIFIED,NOT VERIFIED,NOT VERIFIED,
ResearchScreen,src/main/java/com/hearthstead/client/screen/ResearchScreen.java,208,"Ui2Button.Variant.DANGER, () -> act(ResearchActionPayload.Kind.CANCEL, 0), FocusTarget.cancel()); Ui2Tips.enable(cancel, snapshot.mayManage(), Component.translatable(""hearthstead.research.cancel.tip""), Component.translatable(""hearthstead.research.blocked.read_only"")); addRenderableWidget(cancel);",NOT VERIFIED,NOT VERIFIED,NOT VERIFIED,NOT VERIFIED,NOT VERIFIED,NOT VERIFIED,
ResearchScreen,src/main/java/com/hearthstead/client/screen/ResearchScreen.java,212,addRenderableWidget(cancel); }  for (int row = 0; row < layout.visibleRows(); row++) { int ordinal = row + scroll;,NOT VERIFIED,NOT VERIFIED,NOT VERIFIED,NOT VERIFIED,NOT VERIFIED,NOT VERIFIED,
ResearchScreen,src/main/java/com/hearthstead/client/screen/ResearchScreen.java,223,"Ui2Button.Variant.SECONDARY, () -> act(ResearchActionPayload.Kind.START, project.ordinal()), FocusTarget.project(ordinal)); Ui2Tips.enable(choose, blocked.isEmpty() && snapshot.mayManage(), Component.translatable(""hearthstead.research.choose.tip"", project.displayName()), !snapshot.mayManage() ? Component.translatable(""hearthstead.research.blocked.read_only"")",NOT VERIFIED,NOT VERIFIED,NOT VERIFIED,NOT VERIFIED,NOT VERIFIED,NOT VERIFIED,
ResearchScreen,src/main/java/com/hearthstead/client/screen/ResearchScreen.java,229,"addRenderableWidget(choose); }  // The old footer Close button is the standard wood close key; Esc still closes. closeKey = addRenderableWidget(Ui2Frame.closeKey(layout.frame(), this::onClose));",NOT VERIFIED,NOT VERIFIED,NOT VERIFIED,NOT VERIFIED,NOT VERIFIED,NOT VERIFIED,
ResearchScreen,src/main/java/com/hearthstead/client/screen/ResearchScreen.java,233,"closeKey = addRenderableWidget(Ui2Frame.closeKey(layout.frame(), this::onClose)); restoreFocus(retained); }  private enum FocusKind { PROJECT, CANCEL, CLOSE }",NOT VERIFIED,NOT VERIFIED,NOT VERIFIED,NOT VERIFIED,NOT VERIFIED,NOT VERIFIED,
SettlerInventoryScreen,src/main/java/com/hearthstead/client/screen/SettlerInventoryScreen.java,127,"addRenderableWidget(Ui2Frame.closeKey(frame, this::onClose)); if (!uiSoundActive) { uiSoundActive = true; HsUi.playOpenSound(); }",NOT VERIFIED,NOT VERIFIED,NOT VERIFIED,NOT VERIFIED,NOT VERIFIED,NOT VERIFIED,
SettlerScreen,src/main/java/com/hearthstead/client/screen/SettlerScreen.java,361,"return new HsButton[]{dismissButton, closeButton, requestListButton, guardOrderButton, appointButton, inventoryButton, workZoneButton, workplaceButton, locateButton, mapButton, summonButton}; } ",NOT VERIFIED,NOT VERIFIED,NOT VERIFIED,NOT VERIFIED,NOT VERIFIED,NOT VERIFIED,
SettlerScreen,src/main/java/com/hearthstead/client/screen/SettlerScreen.java,398,"addRenderableWidget(closeButton);  // Tabs: text with one sliding forest underline, as on the Hearth sheet. Page[] pages = Page.values(); Component[] labels = new Component[pages.length];",NOT VERIFIED,NOT VERIFIED,NOT VERIFIED,NOT VERIFIED,NOT VERIFIED,NOT VERIFIED,
SettlerScreen,src/main/java/com/hearthstead/client/screen/SettlerScreen.java,414,"addRenderableWidget(tab); if (target == page) { tabIndicatorX = xs[i] + 2; tabIndicatorW = w - 4; tabIndicator.target(tabIndicatorX, tabIndicatorW);",NOT VERIFIED,NOT VERIFIED,NOT VERIFIED,NOT VERIFIED,NOT VERIFIED,NOT VERIFIED,
SettlerScreen,src/main/java/com/hearthstead/client/screen/SettlerScreen.java,448,"int w = Math.max(16, Math.min(Ui2Button.textWidth(font, label), pageRowLimit - x)); HsButton button = Ui2Button.secondary(left + layout.page.x() + x, 0, w, TEXT_BUTTON_H, label, action); pageWidgets.add(button); pageWidgetBaseY.add(top + layout.page.y() + y); addRenderableWidget(button);",NOT VERIFIED,NOT VERIFIED,NOT VERIFIED,NOT VERIFIED,NOT VERIFIED,NOT VERIFIED,
SettlerScreen,src/main/java/com/hearthstead/client/screen/SettlerScreen.java,449,"HsButton button = Ui2Button.secondary(left + layout.page.x() + x, 0, w, TEXT_BUTTON_H, label, action); pageWidgets.add(button); pageWidgetBaseY.add(top + layout.page.y() + y); addRenderableWidget(button); return button;",NOT VERIFIED,NOT VERIFIED,NOT VERIFIED,NOT VERIFIED,NOT VERIFIED,NOT VERIFIED,
SettlerScreen,src/main/java/com/hearthstead/client/screen/SettlerScreen.java,452,"addRenderableWidget(button); return button; }  private void buildOverviewWidgets(Layout l, SheetView view) {",NOT VERIFIED,NOT VERIFIED,NOT VERIFIED,NOT VERIFIED,NOT VERIFIED,NOT VERIFIED,
SettlerScreen,src/main/java/com/hearthstead/client/screen/SettlerScreen.java,539,"appointButton = Ui2Button.secondary(left + f.x(), top + f.y() + (FOOTER_H - TEXT_BUTTON_H) / 2, Math.min(f.width() / 2, Ui2Button.textWidth(font, appoint)), TEXT_BUTTON_H, appoint, () -> act(SettlerActionPayload.Kind.APPOINT)); appointButton.active = canAppoint; appointButton.setTooltip(Tooltip.create(view.appointTooltip));",NOT VERIFIED,NOT VERIFIED,NOT VERIFIED,NOT VERIFIED,NOT VERIFIED,NOT VERIFIED,
SettlerScreen,src/main/java/com/hearthstead/client/screen/SettlerScreen.java,540,"Math.min(f.width() / 2, Ui2Button.textWidth(font, appoint)), TEXT_BUTTON_H, appoint, () -> act(SettlerActionPayload.Kind.APPOINT)); appointButton.active = canAppoint; appointButton.setTooltip(Tooltip.create(view.appointTooltip)); appointButton.visible = snapshot == null || !snapshot.isMayor();",NOT VERIFIED,NOT VERIFIED,NOT VERIFIED,NOT VERIFIED,NOT VERIFIED,NOT VERIFIED,
SettlerScreen,src/main/java/com/hearthstead/client/screen/SettlerScreen.java,545,"addRenderableWidget(appointButton); if (profession.employed()) { Component dismiss = Component.translatable(""hearthstead.employ.dismiss""); int w = Math.min(f.width() / 2 - 4, Ui2Button.filledWidth(font, dismiss)); dismissButton = Ui2Button.danger(left + f.right() - w, top + f.y(), w, FOOTER_H, dismiss,",NOT VERIFIED,NOT VERIFIED,NOT VERIFIED,NOT VERIFIED,NOT VERIFIED,NOT VERIFIED,
SettlerScreen,src/main/java/com/hearthstead/client/screen/SettlerScreen.java,548,"int w = Math.min(f.width() / 2 - 4, Ui2Button.filledWidth(font, dismiss)); dismissButton = Ui2Button.danger(left + f.right() - w, top + f.y(), w, FOOTER_H, dismiss, () -> act(SettlerActionPayload.Kind.DISMISS)); dismissButton.active = manage; tip(dismissButton, view.dismissTooltip);",NOT VERIFIED,NOT VERIFIED,NOT VERIFIED,NOT VERIFIED,NOT VERIFIED,NOT VERIFIED,
SettlerScreen,src/main/java/com/hearthstead/client/screen/SettlerScreen.java,549,"dismissButton = Ui2Button.danger(left + f.right() - w, top + f.y(), w, FOOTER_H, dismiss, () -> act(SettlerActionPayload.Kind.DISMISS)); dismissButton.active = manage; tip(dismissButton, view.dismissTooltip); addRenderableWidget(dismissButton);",NOT VERIFIED,NOT VERIFIED,NOT VERIFIED,NOT VERIFIED,NOT VERIFIED,NOT VERIFIED,
SettlerScreen,src/main/java/com/hearthstead/client/screen/SettlerScreen.java,553,addRenderableWidget(dismissButton); } }  /**,NOT VERIFIED,NOT VERIFIED,NOT VERIFIED,NOT VERIFIED,NOT VERIFIED,NOT VERIFIED,
SettlerScreen,src/main/java/com/hearthstead/client/screen/SettlerScreen.java,574,"int w = Math.min(f.width(), Math.max(96, Ui2Button.filledWidth(font, label) + 24)); inventoryButton = Ui2Button.banner(left + f.right() - w, top + f.y(), w, FOOTER_H, label, () -> requestChild(SettlerActionPayload.Kind.OPEN_INVENTORY)); inventoryButton.active = snapshot != null && snapshot.canManage(); tip(inventoryButton, Component.translatable(""hearthstead.settler.control.inventory.tip""));",NOT VERIFIED,NOT VERIFIED,NOT VERIFIED,NOT VERIFIED,NOT VERIFIED,NOT VERIFIED,
SettlerScreen,src/main/java/com/hearthstead/client/screen/SettlerScreen.java,575,"inventoryButton = Ui2Button.banner(left + f.right() - w, top + f.y(), w, FOOTER_H, label, () -> requestChild(SettlerActionPayload.Kind.OPEN_INVENTORY)); inventoryButton.active = snapshot != null && snapshot.canManage(); tip(inventoryButton, Component.translatable(""hearthstead.settler.control.inventory.tip"")); addRenderableWidget(inventoryButton);",NOT VERIFIED,NOT VERIFIED,NOT VERIFIED,NOT VERIFIED,NOT VERIFIED,NOT VERIFIED,
SettlerScreen,src/main/java/com/hearthstead/client/screen/SettlerScreen.java,579,addRenderableWidget(inventoryButton); }  /** Scrolling moves page widgets; one wholly outside the page viewport hides. */ private void relayoutPageWidgets() {,NOT VERIFIED,NOT VERIFIED,NOT VERIFIED,NOT VERIFIED,NOT VERIFIED,NOT VERIFIED,
StorageScreen,src/main/java/com/hearthstead/client/screen/StorageScreen.java,122,"footer = footerSlots(frame.footer(), Ui2Button.textWidth(font, refreshLabel), Ui2Button.textWidth(font, previousLabel), pageSlot, Ui2Button.textWidth(font, nextLabel)); Ui2Button refresh = addRenderableWidget(button(footer[FOOTER_REFRESH], refreshLabel, () -> PacketDistributor.sendToServer(new StorageRequestPayload()))); Ui2Tips.tip(refresh, Component.translatable(""hearthstead.storage.refresh.tip""));",NOT VERIFIED,NOT VERIFIED,NOT VERIFIED,NOT VERIFIED,NOT VERIFIED,NOT VERIFIED,
StorageScreen,src/main/java/com/hearthstead/client/screen/StorageScreen.java,123,"Ui2Button.textWidth(font, previousLabel), pageSlot, Ui2Button.textWidth(font, nextLabel)); Ui2Button refresh = addRenderableWidget(button(footer[FOOTER_REFRESH], refreshLabel, () -> PacketDistributor.sendToServer(new StorageRequestPayload()))); Ui2Tips.tip(refresh, Component.translatable(""hearthstead.storage.refresh.tip"")); previous = addRenderableWidget(button(footer[FOOTER_PREVIOUS], previousLabel, () -> turnPage(-1)));",NOT VERIFIED,NOT VERIFIED,NOT VERIFIED,NOT VERIFIED,NOT VERIFIED,NOT VERIFIED,
StorageScreen,src/main/java/com/hearthstead/client/screen/StorageScreen.java,124,"Ui2Button refresh = addRenderableWidget(button(footer[FOOTER_REFRESH], refreshLabel, () -> PacketDistributor.sendToServer(new StorageRequestPayload()))); Ui2Tips.tip(refresh, Component.translatable(""hearthstead.storage.refresh.tip"")); previous = addRenderableWidget(button(footer[FOOTER_PREVIOUS], previousLabel, () -> turnPage(-1))); next = addRenderableWidget(button(footer[FOOTER_NEXT], nextLabel, () -> turnPage(1)));",NOT VERIFIED,NOT VERIFIED,NOT VERIFIED,NOT VERIFIED,NOT VERIFIED,NOT VERIFIED,
StorageScreen,src/main/java/com/hearthstead/client/screen/StorageScreen.java,127,"previous = addRenderableWidget(button(footer[FOOTER_PREVIOUS], previousLabel, () -> turnPage(-1))); next = addRenderableWidget(button(footer[FOOTER_NEXT], nextLabel, () -> turnPage(1))); // The old footer ""Close"" button is the wood close key; Esc still closes. addRenderableWidget(Ui2Frame.closeKey(frame, this::onClose)); ",NOT VERIFIED,NOT VERIFIED,NOT VERIFIED,NOT VERIFIED,NOT VERIFIED,NOT VERIFIED,
StorageScreen,src/main/java/com/hearthstead/client/screen/StorageScreen.java,128,"next = addRenderableWidget(button(footer[FOOTER_NEXT], nextLabel, () -> turnPage(1))); // The old footer ""Close"" button is the wood close key; Esc still closes. addRenderableWidget(Ui2Frame.closeKey(frame, this::onClose));  Rect search = layout.search();",NOT VERIFIED,NOT VERIFIED,NOT VERIFIED,NOT VERIFIED,NOT VERIFIED,NOT VERIFIED,
StorageScreen,src/main/java/com/hearthstead/client/screen/StorageScreen.java,130,"addRenderableWidget(Ui2Frame.closeKey(frame, this::onClose));  Rect search = layout.search(); findBox = addRenderableWidget(new EditBox(font, search.x() + 4, search.y() + 4, search.width() - 8, SEARCH_H - 4, FIND_HINT));",NOT VERIFIED,NOT VERIFIED,NOT VERIFIED,NOT VERIFIED,NOT VERIFIED,NOT VERIFIED,
StorageScreen,src/main/java/com/hearthstead/client/screen/StorageScreen.java,133,"findBox = addRenderableWidget(new EditBox(font, search.x() + 4, search.y() + 4, search.width() - 8, SEARCH_H - 4, FIND_HINT)); findBox.setBordered(false); findBox.setTextColor(Ui2Palette.INK); findBox.setTextColorUneditable(Ui2Palette.INK_MUTED);",NOT VERIFIED,NOT VERIFIED,NOT VERIFIED,NOT VERIFIED,NOT VERIFIED,NOT VERIFIED,
StorageScreen,src/main/java/com/hearthstead/client/screen/StorageScreen.java,155,"return Ui2Button.secondary(r.x(), r.y(), r.width(), r.height(), label, action); }  /** Category filters are text tabs with one sliding underline; they wrap to a second row when narrow. */ private void buildCategoryTabs(int[] tabWidths) {",NOT VERIFIED,NOT VERIFIED,NOT VERIFIED,NOT VERIFIED,NOT VERIFIED,NOT VERIFIED,
StorageScreen,src/main/java/com/hearthstead/client/screen/StorageScreen.java,169,"categoryTabs.add(addRenderableWidget(tab)); if (choice == category) { categoryIndicator.target(r.x() + 2, r.width() - 4); categoryIndicatorY = r.bottom(); }",NOT VERIFIED,NOT VERIFIED,NOT VERIFIED,NOT VERIFIED,NOT VERIFIED,NOT VERIFIED,
TechTreeScreen,src/main/java/com/hearthstead/client/screen/TechTreeScreen.java,188,"researchButton = Ui2Button.banner(sideX + 6, viewY + viewH - 26, sideW - 12, 20, Component.literal(""Research""), this::research); addRenderableWidget(researchButton); addRenderableWidget(com.hearthstead.client.ui2.Ui2Frame.closeKey(frame, this::onClose)); var close = frame.close();",NOT VERIFIED,NOT VERIFIED,NOT VERIFIED,NOT VERIFIED,NOT VERIFIED,NOT VERIFIED,
TechTreeScreen,src/main/java/com/hearthstead/client/screen/TechTreeScreen.java,190,"addRenderableWidget(researchButton); addRenderableWidget(com.hearthstead.client.ui2.Ui2Frame.closeKey(frame, this::onClose)); var close = frame.close(); var legendKey = new com.hearthstead.client.ui2.Ui2WoodKey(close.x() - 15, close.y(), 11, 11, Component.literal(""?""), () -> legendOpen = !legendOpen);",NOT VERIFIED,NOT VERIFIED,NOT VERIFIED,NOT VERIFIED,NOT VERIFIED,NOT VERIFIED,
TechTreeScreen,src/main/java/com/hearthstead/client/screen/TechTreeScreen.java,191,"addRenderableWidget(com.hearthstead.client.ui2.Ui2Frame.closeKey(frame, this::onClose)); var close = frame.close(); var legendKey = new com.hearthstead.client.ui2.Ui2WoodKey(close.x() - 15, close.y(), 11, 11, Component.literal(""?""), () -> legendOpen = !legendOpen); legendKey.setTooltip(net.minecraft.client.gui.components.Tooltip.create(",NOT VERIFIED,NOT VERIFIED,NOT VERIFIED,NOT VERIFIED,NOT VERIFIED,NOT VERIFIED,
TechTreeScreen,src/main/java/com/hearthstead/client/screen/TechTreeScreen.java,198,addRenderableWidget(legendKey); rebuildPanel(); }  @Nullable,NOT VERIFIED,NOT VERIFIED,NOT VERIFIED,NOT VERIFIED,NOT VERIFIED,NOT VERIFIED,
WorkZoneConfirmScreen,src/main/java/com/hearthstead/client/screen/WorkZoneConfirmScreen.java,128,"int cancelW = Math.min(footer[0].width(), Ui2Button.textWidth(font, cancelLabel)); cancel = addRenderableWidget(Ui2Button.secondary(footer[0].right() - cancelW, footer[0].y() + (Ui2FrameLayout.BUTTON_H - Ui2FrameLayout.TEXT_BUTTON_H) / 2, cancelW, Ui2FrameLayout.TEXT_BUTTON_H, cancelLabel, () -> send(WorkZoneActionPayload.Kind.CANCEL))); confirm = addRenderableWidget(Ui2Button.banner(footer[1].x(), footer[1].y(), footer[1].width(),",NOT VERIFIED,NOT VERIFIED,NOT VERIFIED,NOT VERIFIED,NOT VERIFIED,NOT VERIFIED,
WorkZoneConfirmScreen,src/main/java/com/hearthstead/client/screen/WorkZoneConfirmScreen.java,129,"cancel = addRenderableWidget(Ui2Button.secondary(footer[0].right() - cancelW, footer[0].y() + (Ui2FrameLayout.BUTTON_H - Ui2FrameLayout.TEXT_BUTTON_H) / 2, cancelW, Ui2FrameLayout.TEXT_BUTTON_H, cancelLabel, () -> send(WorkZoneActionPayload.Kind.CANCEL))); confirm = addRenderableWidget(Ui2Button.banner(footer[1].x(), footer[1].y(), footer[1].width(), footer[1].height(), Component.translatable(""hearthstead.work_zone.screen.confirm""),",NOT VERIFIED,NOT VERIFIED,NOT VERIFIED,NOT VERIFIED,NOT VERIFIED,NOT VERIFIED,
WorkZoneConfirmScreen,src/main/java/com/hearthstead/client/screen/WorkZoneConfirmScreen.java,132,"confirm = addRenderableWidget(Ui2Button.banner(footer[1].x(), footer[1].y(), footer[1].width(), footer[1].height(), Component.translatable(""hearthstead.work_zone.screen.confirm""), () -> send(WorkZoneActionPayload.Kind.CONFIRM))); addRenderableWidget(Ui2Frame.closeKey(frame, () -> send(WorkZoneActionPayload.Kind.CANCEL))); refreshButtons();",NOT VERIFIED,NOT VERIFIED,NOT VERIFIED,NOT VERIFIED,NOT VERIFIED,NOT VERIFIED,
WorkZoneConfirmScreen,src/main/java/com/hearthstead/client/screen/WorkZoneConfirmScreen.java,135,"addRenderableWidget(Ui2Frame.closeKey(frame, () -> send(WorkZoneActionPayload.Kind.CANCEL))); refreshButtons(); if (restoreConfirm) setFocused(confirm); else if (restoreCancel) setFocused(cancel); if (!uiSoundActive) {",NOT VERIFIED,NOT VERIFIED,NOT VERIFIED,NOT VERIFIED,NOT VERIFIED,NOT VERIFIED,

